seed,default_scenario,base_capital_per_financier,capital_per_financier,capital_multiplier,wholesaler_count,wholesaler_policy,label,shock_profile_counts,financiers,total_initial_capital,total_final_capital,mean_final_capital,return_pct,total_loans,loans_per_wholesaler,total_defaults,default_count_rate,default_amount_to_initial_capital_rate,default_amount_to_issued_rate,avg_capital_utilization,max_capital_utilization,avg_final_utilization,max_final_utilization
709098,none_default,1000000.0,1000000.0,1.0,50,rl,Isolated RL (non-federated),{'none': 50},3,3000000.0,18227809.692078535,6075936.564026178,507.59365640261785,8745,174.9,0,0.0,0.0,0.0,0.9066585817210705,0.9999975278027569,0.0,0.0
709098,none_default,1000000.0,1000000.0,1.0,50,fl_rl,FedAvg (federated),{'none': 50},3,3000000.0,18481695.82837461,6160565.2761248695,516.056527612487,9078,181.56,0,0.0,0.0,0.0,0.8970386359926079,0.9999975278027569,0.0,0.0
709098,low_default,1000000.0,1000000.0,1.0,50,rl,Isolated RL (non-federated),"{'none': 44, 'medium': 5, 'high': 1}",3,3000000.0,16818398.067738507,5606132.689246169,460.6132689246169,7445,148.9,165,0.02216252518468771,0.11152839456524379,0.0013372049199473124,0.8610195737488653,0.9999933361737415,0.0,0.0
709098,low_default,1000000.0,1000000.0,1.0,50,fl_rl,FedAvg (federated),"{'none': 44, 'medium': 5, 'high': 1}",3,3000000.0,18326607.05060479,6108869.0168682635,510.8869016868264,8139,162.78,211,0.025924560756849735,0.1323275089561059,0.0014486878136437027,0.8841126216623223,0.999999785661025,0.0,0.0
709098,medium_default,1000000.0,1000000.0,1.0,50,rl,Isolated RL (non-federated),"{'none': 38, 'medium': 9, 'high': 3}",3,3000000.0,15453032.3544516,5151010.7848172,415.10107848172004,6794,135.88,275,0.04047689137474242,0.2242161711120735,0.002925800882856368,0.8164242943283627,0.9999971368567805,0.0,0.0
709098,medium_default,1000000.0,1000000.0,1.0,50,fl_rl,FedAvg (federated),"{'none': 38, 'medium': 9, 'high': 3}",3,3000000.0,15186121.164598987,5062040.388199662,406.20403881996623,7329,146.58,282,0.038477282030290626,0.22380276147220882,0.0027027888752408423,0.8690415356618216,0.9999998104275646,0.0,0.0
709098,high_default,1000000.0,1000000.0,1.0,50,rl,Isolated RL (non-federated),"{'none': 32, 'medium': 13, 'high': 5}",3,3000000.0,13550519.772113346,4516839.924037782,351.6839924037782,6568,131.36,435,0.06623020706455542,0.42800480770233784,0.005770827228259572,0.8432860546054899,0.9999938252610883,0.0,0.0
709098,high_default,1000000.0,1000000.0,1.0,50,fl_rl,FedAvg (federated),"{'none': 32, 'medium': 13, 'high': 5}",3,3000000.0,13057305.939756203,4352435.313252068,335.2435313252068,5981,119.62,239,0.039959872930948,0.2272497359583936,0.0033707044442962014,0.8110931750070937,0.9999982134694752,0.0,0.0
709098,none_default,5000000.0,5000000.0,1.0,50,rl,Isolated RL (non-federated),{'none': 50},3,15000000.0,33553143.189850297,11184381.063283432,123.68762126566865,13077,261.54,0,0.0,0.0,0.0,0.5563411345223775,0.9999990876143148,0.0,0.0
709098,none_default,5000000.0,5000000.0,1.0,50,fl_rl,FedAvg (federated),{'none': 50},3,15000000.0,29378512.132875465,9792837.377625154,95.8567475525031,13322,266.44,0,0.0,0.0,0.0,0.5685226614517085,0.9999959254646806,0.0,0.0
709098,low_default,5000000.0,5000000.0,1.0,50,rl,Isolated RL (non-federated),"{'none': 44, 'medium': 5, 'high': 1}",3,15000000.0,34378616.52772075,11459538.842573583,129.19077685147164,10989,219.78,250,0.02275002275002275,0.032454225390020776,0.0012672477169468413,0.4655496511005799,0.9999491849386546,0.0,0.0
709098,low_default,5000000.0,5000000.0,1.0,50,fl_rl,FedAvg (federated),"{'none': 44, 'medium': 5, 'high': 1}",3,15000000.0,34434576.36535123,11478192.121783743,129.56384243567487,10795,215.9,209,0.01936081519221862,0.0284851353834958,0.001128768762260203,0.4538062231305764,0.9999139553771961,0.0,0.0
709098,medium_default,5000000.0,5000000.0,1.0,50,rl,Isolated RL (non-federated),"{'none': 38, 'medium': 9, 'high': 3}",3,15000000.0,30519594.59383848,10173198.19794616,103.46396395892319,10228,204.56,496,0.048494329292139225,0.08152838437198527,0.0034054628266253777,0.46020064746973155,0.9999860531692762,0.0,0.0
709098,medium_default,5000000.0,5000000.0,1.0,50,fl_rl,FedAvg (federated),"{'none': 38, 'medium': 9, 'high': 3}",3,15000000.0,30144505.327837154,10048168.442612385,100.96336885224771,8384,167.68,439,0.052361641221374045,0.07037360499138351,0.0035914357511154897,0.39005042863417644,0.9998354821091857,0.0,0.0
709098,high_default,5000000.0,5000000.0,1.0,50,rl,Isolated RL (non-federated),"{'none': 32, 'medium': 13, 'high': 5}",3,15000000.0,27726424.917996608,9242141.639332203,84.84283278664402,8938,178.76,709,0.07932423360930857,0.13849519394848578,0.006620955675664279,0.440272295817692,0.999346178374225,0.0,0.0
709098,high_default,5000000.0,5000000.0,1.0,50,fl_rl,FedAvg (federated),"{'none': 32, 'medium': 13, 'high': 5}",3,15000000.0,26729194.86829077,8909731.62276359,78.1946324552718,8869,177.38,584,0.06584733340850152,0.11534778471558892,0.005571707369414482,0.4387860854583575,0.9336231283909437,0.0,0.0
709098,none_default,10000000.0,10000000.0,1.0,50,rl,Isolated RL (non-federated),{'none': 50},3,30000000.0,44432868.77757202,14810956.259190673,48.10956259190672,13317,266.34,0,0.0,0.0,0.0,0.41432689376913895,0.999917836189259,0.0,0.0
709098,none_default,10000000.0,10000000.0,1.0,50,fl_rl,FedAvg (federated),{'none': 50},3,30000000.0,48894435.88309001,16298145.294363337,62.98145294363337,13251,265.02,0,0.0,0.0,0.0,0.34231327438841247,0.8821799243062947,0.0,0.0
709098,low_default,10000000.0,10000000.0,1.0,50,rl,Isolated RL (non-federated),"{'none': 44, 'medium': 5, 'high': 1}",3,30000000.0,49303226.58926773,16434408.863089243,64.34408863089243,11707,234.14,257,0.021952677885026053,0.017952391943478262,0.0013145986821847973,0.2913132891795682,0.6727448253408458,0.0,0.0
709098,low_default,10000000.0,10000000.0,1.0,50,fl_rl,FedAvg (federated),"{'none': 44, 'medium': 5, 'high': 1}",3,30000000.0,49184224.557613395,16394741.519204466,63.947415192044645,10467,209.34,188,0.017961211426387694,0.012020550878119225,0.0009892907033889557,0.26431415881562986,0.8530543279239615,0.0,0.0
709098,medium_default,10000000.0,10000000.0,1.0,50,rl,Isolated RL (non-federated),"{'none': 38, 'medium': 9, 'high': 3}",3,30000000.0,45950061.901755825,15316687.300585276,53.166873005852736,10075,201.5,563,0.05588089330024814,0.0443390696304736,0.0037642030196638095,0.28771067193759275,0.756105591562747,0.0,0.0
709098,medium_default,10000000.0,10000000.0,1.0,50,fl_rl,FedAvg (federated),"{'none': 38, 'medium': 9, 'high': 3}",3,30000000.0,44589386.71795448,14863128.905984826,48.63128905984827,8851,177.02,551,0.062252852784996045,0.04455321938103942,0.004312441580714945,0.24845958259184384,0.654502767771366,0.0,0.0
709098,high_default,10000000.0,10000000.0,1.0,50,rl,Isolated RL (non-federated),"{'none': 32, 'medium': 13, 'high': 5}",3,30000000.0,44777867.61403642,14925955.871345473,49.25955871345473,8862,177.24,656,0.07402392236515459,0.0636167243717492,0.006150939411597231,0.264295433357495,0.6290895807696918,0.0,0.0
709098,high_default,10000000.0,10000000.0,1.0,50,fl_rl,FedAvg (federated),"{'none': 32, 'medium': 13, 'high': 5}",3,30000000.0,43804059.30226819,14601353.100756064,46.01353100756065,8835,176.7,546,0.061799660441426145,0.05436012875365247,0.005247080639929774,0.24225184945879957,0.47326736461750335,0.0,0.0
436570,none_default,1000000.0,1000000.0,1.0,50,rl,Isolated RL (non-federated),{'none': 50},3,3000000.0,19447505.840946093,6482501.946982031,548.2501946982031,8968,179.36,0,0.0,0.0,0.0,0.9050462505661495,0.9999990466960647,0.0,0.0
436570,none_default,1000000.0,1000000.0,1.0,50,fl_rl,FedAvg (federated),{'none': 50},3,3000000.0,19093368.57199823,6364456.190666077,536.4456190666078,8718,174.36,0,0.0,0.0,0.0,0.8784464250119132,0.9999994723585106,0.0,0.0
436570,low_default,1000000.0,1000000.0,1.0,50,rl,Isolated RL (non-federated),"{'none': 44, 'medium': 5, 'high': 1}",3,3000000.0,17097636.000451483,5699212.000150494,469.92120001504946,7870,157.4,289,0.03672172808132147,0.19016857990464942,0.0021395322273780842,0.8675457446223593,0.9999981076074322,0.0,0.0
436570,low_default,1000000.0,1000000.0,1.0,50,fl_rl,FedAvg (federated),"{'none': 44, 'medium': 5, 'high': 1}",3,3000000.0,14771915.740400136,4923971.9134667115,392.3971913466712,6748,134.96,212,0.03141671606401897,0.13440873531311465,0.0017649707531754437,0.8243736497481431,0.9999917114702022,0.0,0.0
436570,medium_default,1000000.0,1000000.0,1.0,50,rl,Isolated RL (non-federated),"{'none': 38, 'medium': 9, 'high': 3}",3,3000000.0,16179794.26086858,5393264.75362286,439.3264753622859,7417,148.34,259,0.034919778886342186,0.22211509479813613,0.0026526323561875285,0.8626196226366594,0.9999938541316709,0.0,0.0
436570,medium_default,1000000.0,1000000.0,1.0,50,fl_rl,FedAvg (federated),"{'none': 38, 'medium': 9, 'high': 3}",3,3000000.0,15377198.354004368,5125732.784668122,412.57327846681227,6548,130.96,126,0.019242516799022603,0.10000693538589797,0.0013462767233945944,0.7805505370217277,0.9999956455744542,0.0,0.0
436570,high_default,1000000.0,1000000.0,1.0,50,rl,Isolated RL (non-federated),"{'none': 32, 'medium': 13, 'high': 5}",3,3000000.0,12364803.016402412,4121601.0054674707,312.1601005467471,5597,111.94,426,0.07611220296587458,0.370831499893894,0.005870161586186678,0.8189300622885195,0.9999908118276642,0.0,0.0
436570,high_default,1000000.0,1000000.0,1.0,50,fl_rl,FedAvg (federated),"{'none': 32, 'medium': 13, 'high': 5}",3,3000000.0,13820997.74853419,4606999.2495113965,360.6999249511397,5842,116.84,304,0.05203697363916467,0.2769665359457201,0.00414009249443885,0.7788735707375404,0.9999954433833792,0.0,0.0
436570,none_default,5000000.0,5000000.0,1.0,50,rl,Isolated RL (non-federated),{'none': 50},3,15000000.0,32443705.43777484,10814568.47925828,116.29136958516558,13259,265.18,0,0.0,0.0,0.0,0.589346897305118,0.9999997402509386,0.0,0.0
436570,none_default,5000000.0,5000000.0,1.0,50,fl_rl,FedAvg (federated),{'none': 50},3,15000000.0,32412160.93869658,10804053.646232193,116.08107292464385,13108,262.16,0,0.0,0.0,0.0,0.5641631217844713,0.9999961025786053,0.0,0.0
436570,low_default,5000000.0,5000000.0,1.0,50,rl,Isolated RL (non-federated),"{'none': 44, 'medium': 5, 'high': 1}",3,15000000.0,34762458.5517511,11587486.183917033,131.74972367834064,11692,233.84,497,0.04250769757098871,0.06958134516775827,0.002547730697082318,0.4865062541325257,0.9998040329424579,0.0,0.0
436570,low_default,5000000.0,5000000.0,1.0,50,fl_rl,FedAvg (federated),"{'none': 44, 'medium': 5, 'high': 1}",3,15000000.0,31484518.549381606,10494839.516460536,109.89679032921072,10972,219.44,237,0.02160043747721473,0.03445495231541993,0.0013468581341505041,0.48078650453769,0.9999624277402986,0.0,0.0
436570,medium_default,5000000.0,5000000.0,1.0,50,rl,Isolated RL (non-federated),"{'none': 38, 'medium': 9, 'high': 3}",3,15000000.0,30708781.201698564,10236260.400566189,104.72520801132376,10025,200.5,485,0.04837905236907731,0.08035076513308063,0.0034494878010756544,0.4546682564879849,0.9997289845116653,0.0,0.0
436570,medium_default,5000000.0,5000000.0,1.0,50,fl_rl,FedAvg (federated),"{'none': 38, 'medium': 9, 'high': 3}",3,15000000.0,32023873.73621734,10674624.578739112,113.49249157478228,9946,198.92,336,0.03378242509551579,0.058989204986509836,0.0025400940719476853,0.4427854719687184,0.9999309083446435,0.0,0.0
436570,high_default,5000000.0,5000000.0,1.0,50,rl,Isolated RL (non-federated),"{'none': 32, 'medium': 13, 'high': 5}",3,15000000.0,27605165.808894165,9201721.936298056,84.0344387259611,8550,171.0,640,0.07485380116959064,0.12047295642918422,0.006030825610083925,0.41110101188679843,0.9964193861941206,0.0,0.0
436570,high_default,5000000.0,5000000.0,1.0,50,fl_rl,FedAvg (federated),"{'none': 32, 'medium': 13, 'high': 5}",3,15000000.0,28368669.023712978,9456223.007904327,89.12446015808652,8981,179.62,645,0.0718182830419775,0.12422967706990257,0.005966678451058522,0.42874741969709046,0.9999781831142103,0.0,0.0
436570,none_default,10000000.0,10000000.0,1.0,50,rl,Isolated RL (non-federated),{'none': 50},3,30000000.0,43600531.81995222,14533510.60665074,45.3351060665074,13295,265.9,0,0.0,0.0,0.0,0.34297202371318547,0.9874429529243086,0.0,0.0
436570,none_default,10000000.0,10000000.0,1.0,50,fl_rl,FedAvg (federated),{'none': 50},3,30000000.0,46520033.85820671,15506677.952735571,55.066779527355706,13172,263.44,0,0.0,0.0,0.0,0.4370651988341869,0.9998605031042093,0.0,0.0
436570,low_default,10000000.0,10000000.0,1.0,50,rl,Isolated RL (non-federated),"{'none': 44, 'medium': 5, 'high': 1}",3,30000000.0,49218853.525500536,16406284.50850018,64.06284508500178,10561,211.22,241,0.02281980873023388,0.01744500092689017,0.0014192086801493276,0.27682105082495123,0.978759345057234,0.0,0.0
436570,low_default,10000000.0,10000000.0,1.0,50,fl_rl,FedAvg (federated),"{'none': 44, 'medium': 5, 'high': 1}",3,30000000.0,48341529.45259604,16113843.150865346,61.138431508653476,10612,212.24,242,0.022804372408594044,0.017846748881741977,0.0014344771724051398,0.27593752826863904,0.9993553825862763,0.0,0.0
436570,medium_default,10000000.0,10000000.0,1.0,50,rl,Isolated RL (non-federated),"{'none': 38, 'medium': 9, 'high': 3}",3,30000000.0,43326984.345508926,14442328.115169642,44.42328115169642,8124,162.48,553,0.06806991629739045,0.04522120378214428,0.004794904429072032,0.23050298456471377,0.6561705195694063,0.0,0.0
436570,medium_default,10000000.0,10000000.0,1.0,50,fl_rl,FedAvg (federated),"{'none': 38, 'medium': 9, 'high': 3}",3,30000000.0,46813966.01663302,15604655.338877672,56.046553388776715,9096,181.92,422,0.04639401934916447,0.03439853690814348,0.0032402451254151796,0.2404623596793769,0.5908237508722775,0.0,0.0
436570,high_default,10000000.0,10000000.0,1.0,50,rl,Isolated RL (non-federated),"{'none': 32, 'medium': 13, 'high': 5}",3,30000000.0,42842198.72385907,14280732.907953024,42.807329079530234,8579,171.58,595,0.06935540272759062,0.0579276502441319,0.005787191792529605,0.23518820041068098,0.5423050277519764,0.0,0.0
436570,high_default,10000000.0,10000000.0,1.0,50,fl_rl,FedAvg (federated),"{'none': 32, 'medium': 13, 'high': 5}",3,30000000.0,42984010.8780303,14328003.6260101,43.280036260100985,8908,178.16,615,0.06903906600808263,0.06081448169080295,0.005844078338955929,0.24706591956149562,0.5579117990042889,0.0,0.0
831197,none_default,1000000.0,1000000.0,1.0,50,rl,Isolated RL (non-federated),{'none': 50},3,3000000.0,18357674.960033495,6119224.986677832,511.9224986677832,8502,170.04,0,0.0,0.0,0.0,0.906910818397446,0.9999984456309392,0.0,0.0
831197,none_default,1000000.0,1000000.0,1.0,50,fl_rl,FedAvg (federated),{'none': 50},3,3000000.0,17251609.747260787,5750536.5824202625,475.05365824202624,8782,175.64,0,0.0,0.0,0.0,0.9365294975244426,0.9999978570218006,0.0,0.0
831197,low_default,1000000.0,1000000.0,1.0,50,rl,Isolated RL (non-federated),"{'none': 44, 'medium': 5, 'high': 1}",3,3000000.0,17312469.76795546,5770823.255985153,477.08232559851535,7555,151.1,313,0.0414295168762409,0.19985251967803203,0.0023503165584695717,0.8376938725282185,0.9999999678525826,0.0,0.0
831197,low_default,1000000.0,1000000.0,1.0,50,fl_rl,FedAvg (federated),"{'none': 44, 'medium': 5, 'high': 1}",3,3000000.0,16124254.286794303,5374751.428931435,437.47514289314347,7031,140.62,93,0.013227136964869862,0.06365620984730379,0.0008108277777840481,0.8259840483789639,0.9999982982896909,0.0,0.0
831197,medium_default,1000000.0,1000000.0,1.0,50,rl,Isolated RL (non-federated),"{'none': 38, 'medium': 9, 'high': 3}",3,3000000.0,15614242.080576153,5204747.360192051,420.4747360192052,7281,145.62,277,0.03804422469441011,0.22218992940893584,0.0027052522146253965,0.8689676705848648,0.9999934430954236,0.0,0.0
831197,medium_default,1000000.0,1000000.0,1.0,50,fl_rl,FedAvg (federated),"{'none': 38, 'medium': 9, 'high': 3}",3,3000000.0,16813058.189053386,5604352.729684462,460.43527296844616,6688,133.76,236,0.035287081339712915,0.18866588832243097,0.0024823903621400147,0.7837047011323166,0.9999855839442108,0.0,0.0
831197,high_default,1000000.0,1000000.0,1.0,50,rl,Isolated RL (non-federated),"{'none': 32, 'medium': 13, 'high': 5}",3,3000000.0,13888299.830825236,4629433.276941746,362.9433276941745,6089,121.78,263,0.043192642470027916,0.2278337566765962,0.0033144563511096534,0.8193429733964207,0.9999930979960265,0.0,0.0
831197,high_default,1000000.0,1000000.0,1.0,50,fl_rl,FedAvg (federated),"{'none': 32, 'medium': 13, 'high': 5}",3,3000000.0,12474526.072718,4158175.357572667,315.8175357572667,5921,118.42,260,0.043911501435568316,0.24564870600640004,0.003702471658806292,0.8288294213462439,0.9999963504575957,0.0,0.0
831197,none_default,5000000.0,5000000.0,1.0,50,rl,Isolated RL (non-federated),{'none': 50},3,15000000.0,31839775.22334332,10613258.407781107,112.26516815562213,13264,265.28,0,0.0,0.0,0.0,0.5489521551968995,0.9999880814994301,0.0,0.0
831197,none_default,5000000.0,5000000.0,1.0,50,fl_rl,FedAvg (federated),{'none': 50},3,15000000.0,32780544.042161845,10926848.014053948,118.53696028107896,13291,265.82,0,0.0,0.0,0.0,0.5640357563930125,0.9999890791961528,0.0,0.0
831197,low_default,5000000.0,5000000.0,1.0,50,rl,Isolated RL (non-federated),"{'none': 44, 'medium': 5, 'high': 1}",3,15000000.0,32880403.832286775,10960134.610762259,119.20269221524516,10845,216.9,402,0.03706777316735823,0.055393301520582146,0.002178250461878433,0.467596115125192,0.9998460090440832,0.0,0.0
831197,low_default,5000000.0,5000000.0,1.0,50,fl_rl,FedAvg (federated),"{'none': 44, 'medium': 5, 'high': 1}",3,15000000.0,33628985.62231757,11209661.874105856,124.19323748211711,11703,234.06,298,0.02546355635307186,0.04098600113483354,0.001500158218099392,0.5018842775749603,0.9998460090440832,0.0,0.0
831197,medium_default,5000000.0,5000000.0,1.0,50,rl,Isolated RL (non-federated),"{'none': 38, 'medium': 9, 'high': 3}",3,15000000.0,29110482.988362715,9703494.329454238,94.06988658908477,10127,202.54,505,0.049866692998913796,0.08323880095940936,0.0035258342142706774,0.46831385374242857,0.9999755381598309,0.0,0.0
831197,medium_default,5000000.0,5000000.0,1.0,50,fl_rl,FedAvg (federated),"{'none': 38, 'medium': 9, 'high': 3}",3,15000000.0,29164810.10758604,9721603.369195348,94.43206738390694,10248,204.96,399,0.0389344262295082,0.06509746981436004,0.0027264424108491107,0.46117382701629417,0.9999755381598309,0.0,0.0
831197,high_default,5000000.0,5000000.0,1.0,50,rl,Isolated RL (non-federated),"{'none': 32, 'medium': 13, 'high': 5}",3,15000000.0,26960484.65760319,8986828.219201064,79.73656438402124,7764,155.28,637,0.08204533745492014,0.11816878656932414,0.006524044852812601,0.3903636124609064,0.9996532160109255,0.0,0.0
831197,high_default,5000000.0,5000000.0,1.0,50,fl_rl,FedAvg (federated),"{'none': 32, 'medium': 13, 'high': 5}",3,15000000.0,28381187.921087712,9460395.973695904,89.20791947391808,8659,173.18,534,0.061669938792008314,0.10464339808730597,0.005168451267087388,0.4156293690706684,0.9999670668932659,0.0,0.0
831197,none_default,10000000.0,10000000.0,1.0,50,rl,Isolated RL (non-federated),{'none': 50},3,30000000.0,43776352.73300859,14592117.577669531,45.92117577669531,13297,265.94,0,0.0,0.0,0.0,0.40738130445242815,0.999973441909637,0.0,0.0
831197,none_default,10000000.0,10000000.0,1.0,50,fl_rl,FedAvg (federated),{'none': 50},3,30000000.0,44472599.19371393,14824199.731237978,48.24199731237976,13312,266.24,0,0.0,0.0,0.0,0.40378127537566794,0.9997397021852632,0.0,0.0
831197,low_default,10000000.0,10000000.0,1.0,50,rl,Isolated RL (non-federated),"{'none': 44, 'medium': 5, 'high': 1}",3,30000000.0,49997273.81145722,16665757.937152406,66.65757937152405,11413,228.26,393,0.03443441689301673,0.02617622420171519,0.0019652877259175076,0.2989655661134973,0.7848995992534854,0.0,0.0
831197,low_default,10000000.0,10000000.0,1.0,50,fl_rl,FedAvg (federated),"{'none': 44, 'medium': 5, 'high': 1}",3,30000000.0,46627746.097629525,15542582.032543175,55.42582032543175,8729,174.58,260,0.02978577156604422,0.017405541986237,0.0017160158858428149,0.23115328286168876,0.6396423882204069,0.0,0.0
831197,medium_default,10000000.0,10000000.0,1.0,50,rl,Isolated RL (non-federated),"{'none': 38, 'medium': 9, 'high': 3}",3,30000000.0,44593246.02191533,14864415.340638444,48.64415340638445,10235,204.7,632,0.061748900830483636,0.04753978559208055,0.003989385446106294,0.2789336277770189,0.7413221907325656,0.0,0.0
831197,medium_default,10000000.0,10000000.0,1.0,50,fl_rl,FedAvg (federated),"{'none': 38, 'medium': 9, 'high': 3}",3,30000000.0,44647996.07301414,14882665.35767138,48.82665357671381,9335,186.7,358,0.03835029459025174,0.031379549323191355,0.00288938408671156,0.25419321622132424,0.8439284000213921,0.0,0.0
831197,high_default,10000000.0,10000000.0,1.0,50,rl,Isolated RL (non-federated),"{'none': 32, 'medium': 13, 'high': 5}",3,30000000.0,43933586.96834114,14644528.989447048,46.44528989447046,9050,181.0,705,0.07790055248618785,0.0665671704741805,0.006313009563960355,0.25693500231296384,0.5961766010389952,0.0,0.0
831197,high_default,10000000.0,10000000.0,1.0,50,fl_rl,FedAvg (federated),"{'none': 32, 'medium': 13, 'high': 5}",3,30000000.0,44647517.608373135,14882505.869457712,48.82505869457712,8625,172.5,561,0.06504347826086956,0.0539651724552829,0.005351158871024645,0.2334244015068577,0.5791460313862413,0.0,0.0
709098,none_default,1000000.0,2000000.0,2.0,100,rl,Isolated RL (non-federated),{'none': 100},3,6000000.0,38965196.03967877,12988398.679892922,549.419933994646,17832,178.32,0,0.0,0.0,0.0,0.8880825962896026,0.9999992471026045,0.0,0.0
709098,none_default,1000000.0,2000000.0,2.0,100,fl_rl,FedAvg (federated),{'none': 100},3,6000000.0,34374369.36557549,11458123.121858498,472.9061560929249,15930,159.3,0,0.0,0.0,0.0,0.8771833283905954,0.9999997601692407,0.0,0.0
709098,low_default,1000000.0,2000000.0,2.0,100,rl,Isolated RL (non-federated),"{'none': 87, 'medium': 10, 'high': 3}",3,6000000.0,36876995.98766573,12292331.995888576,514.6165997944288,15800,158.0,292,0.01848101265822785,0.10622282000611737,0.0011775404833764653,0.8410228500708418,0.9999995089115954,0.0,0.0
709098,low_default,1000000.0,2000000.0,2.0,100,fl_rl,FedAvg (federated),"{'none': 87, 'medium': 10, 'high': 3}",3,6000000.0,33937714.495150656,11312571.498383552,465.6285749191776,15656,156.56,183,0.011688809402146142,0.06207875323623677,0.0006992535766052036,0.8801099753460198,0.9999989618230078,0.0,0.0
709098,medium_default,1000000.0,2000000.0,2.0,100,rl,Isolated RL (non-federated),"{'none': 77, 'medium': 18, 'high': 5}",3,6000000.0,31773364.598672785,10591121.532890929,429.5560766445464,13667,136.67,453,0.03314553303577961,0.17617879832863872,0.002269471276560881,0.8170421129341205,0.9999983589027681,0.0,0.0
709098,medium_default,1000000.0,2000000.0,2.0,100,fl_rl,FedAvg (federated),"{'none': 77, 'medium': 18, 'high': 5}",3,6000000.0,31699263.164311517,10566421.054770505,428.32105273852534,13610,136.1,394,0.028949301983835416,0.15208172818987337,0.001970246145404578,0.8359280569627487,0.9999994423112194,0.0,0.0
709098,high_default,1000000.0,2000000.0,2.0,100,rl,Isolated RL (non-federated),"{'none': 64, 'medium': 26, 'high': 10}",3,6000000.0,28249407.612916283,9416469.204305427,370.8234602152714,12280,122.8,661,0.05382736156351792,0.32749350513415215,0.004673625055318881,0.8195193838483185,0.9999987662457401,0.0,0.0
709098,high_default,1000000.0,2000000.0,2.0,100,fl_rl,FedAvg (federated),"{'none': 64, 'medium': 26, 'high': 10}",3,6000000.0,29169108.57829143,9723036.192763811,386.1518096381905,12806,128.06,544,0.04248008745900359,0.26457274154288146,0.0036089465827865456,0.8146262528923666,0.9999991737860502,0.0,0.0
709098,none_default,5000000.0,10000000.0,2.0,100,rl,Isolated RL (non-federated),{'none': 100},3,30000000.0,65174170.3001557,21724723.433385234,117.24723433385232,26537,265.37,0,0.0,0.0,0.0,0.5801062770042977,0.9999989256559083,0.0,0.0
709098,none_default,5000000.0,10000000.0,2.0,100,fl_rl,FedAvg (federated),{'none': 100},3,30000000.0,65526875.93754193,21842291.979180645,118.42291979180645,26543,265.43,0,0.0,0.0,0.0,0.5677135904937087,0.999994155175191,0.0,0.0
709098,low_default,5000000.0,10000000.0,2.0,100,rl,Isolated RL (non-federated),"{'none': 87, 'medium': 10, 'high': 3}",3,30000000.0,67458025.55903818,22486008.519679394,124.86008519679392,22431,224.31,782,0.0348624671213945,0.05053655843978202,0.001931045447235362,0.47413194290966,0.9999423783519362,0.0,0.0
709098,low_default,5000000.0,10000000.0,2.0,100,fl_rl,FedAvg (federated),"{'none': 87, 'medium': 10, 'high': 3}",3,30000000.0,63160296.74332537,21053432.247775123,110.5343224777512,20076,200.76,505,0.025154413229727036,0.03445907790556838,0.0014721130933453225,0.4344868104462071,0.9999423783519362,0.0,0.0
709098,medium_default,5000000.0,10000000.0,2.0,100,rl,Isolated RL (non-federated),"{'none': 77, 'medium': 18, 'high': 5}",3,30000000.0,65015336.27640159,21671778.75880053,116.7177875880053,19944,199.44,957,0.047984356197352585,0.0755396911301602,0.003246474406353554,0.4361504784254502,0.9999597489347323,0.0,0.0
709098,medium_default,5000000.0,10000000.0,2.0,100,fl_rl,FedAvg (federated),"{'none': 77, 'medium': 18, 'high': 5}",3,30000000.0,61491407.98959503,20497135.996531677,104.97135996531678,19143,191.43,896,0.046805620853575716,0.06820338723855988,0.003051780167018999,0.4326514913045953,0.9999597489347323,0.0,0.0
709098,high_default,5000000.0,10000000.0,2.0,100,rl,Isolated RL (non-federated),"{'none': 64, 'medium': 26, 'high': 10}",3,30000000.0,57013610.78356989,19004536.927856628,90.0453692785663,17459,174.59,1114,0.0638066326822842,0.10965583522957027,0.005371621990422483,0.41599654303017924,0.9812460996130921,0.0,0.0
709098,high_default,5000000.0,10000000.0,2.0,100,fl_rl,FedAvg (federated),"{'none': 64, 'medium': 26, 'high': 10}",3,30000000.0,57536244.13992128,19178748.046640426,91.78748046640425,17246,172.46,1174,0.06807375623332947,0.11469839773223965,0.005707403990619432,0.40873251556574014,0.9815262810775349,0.0,0.0
709098,none_default,10000000.0,20000000.0,2.0,100,rl,Isolated RL (non-federated),{'none': 100},3,60000000.0,92694994.3166273,30898331.438875765,54.491657194378824,26567,265.67,0,0.0,0.0,0.0,0.3991086942041479,0.999976037728798,0.0,0.0
709098,none_default,10000000.0,20000000.0,2.0,100,fl_rl,FedAvg (federated),{'none': 100},3,60000000.0,97281021.4577984,32427007.15259947,62.13503576299734,26600,266.0,0,0.0,0.0,0.0,0.3461206230978084,0.8967578772158193,0.0,0.0
709098,low_default,10000000.0,20000000.0,2.0,100,rl,Isolated RL (non-federated),"{'none': 87, 'medium': 10, 'high': 3}",3,60000000.0,98609582.03553784,32869860.678512614,64.34930339256309,20586,205.86,555,0.026960069950451762,0.019340453805055963,0.0016102419795829964,0.25983409070316515,0.5923449755709665,0.0,0.0
709098,low_default,10000000.0,20000000.0,2.0,100,fl_rl,FedAvg (federated),"{'none': 87, 'medium': 10, 'high': 3}",3,60000000.0,98077472.69432282,32692490.898107607,63.46245449053802,21602,216.02,402,0.01860938801962781,0.01268112656182746,0.0010033630852910756,0.27451186413644707,0.6232629432163053,0.0,0.0
709098,medium_default,10000000.0,20000000.0,2.0,100,rl,Isolated RL (non-federated),"{'none': 77, 'medium': 18, 'high': 5}",3,60000000.0,94821373.18193135,31607124.393977117,58.035621969885554,19698,196.98,890,0.04518225200527973,0.03712598375870438,0.003233763245185696,0.25385054684487796,0.6047585782236343,0.0,0.0
709098,medium_default,10000000.0,20000000.0,2.0,100,fl_rl,FedAvg (federated),"{'none': 77, 'medium': 18, 'high': 5}",3,60000000.0,89870602.80066505,29956867.600221682,49.78433800110841,16380,163.8,896,0.0547008547008547,0.03510590742553708,0.0036714235264269836,0.2217508684671533,0.8898942079595471,0.0,0.0
709098,high_default,10000000.0,20000000.0,2.0,100,rl,Isolated RL (non-federated),"{'none': 64, 'medium': 26, 'high': 10}",3,60000000.0,88686185.96284723,29562061.987615746,47.81030993807874,16807,168.07,966,0.05747605164514785,0.046939919170542126,0.004783127057641715,0.23310071227788662,0.5138627451565732,0.0,0.0
709098,high_default,10000000.0,20000000.0,2.0,100,fl_rl,FedAvg (federated),"{'none': 64, 'medium': 26, 'high': 10}",3,60000000.0,86696029.01522577,28898676.33840859,44.493381692042945,15664,156.64,979,0.0625,0.0473861136121479,0.005201558965932897,0.22181340684651962,0.5380141382083822,0.0,0.0
436570,none_default,1000000.0,2000000.0,2.0,100,rl,Isolated RL (non-federated),{'none': 100},3,6000000.0,37013653.25457346,12337884.418191152,516.8942209095576,17357,173.57,0,0.0,0.0,0.0,0.9007711249328665,0.999997419242154,0.0,0.0
436570,none_default,1000000.0,2000000.0,2.0,100,fl_rl,FedAvg (federated),{'none': 100},3,6000000.0,37764874.16873854,12588291.389579512,529.4145694789756,17502,175.02,0,0.0,0.0,0.0,0.8970812740985014,0.9999995854753381,0.0,0.0
436570,low_default,1000000.0,2000000.0,2.0,100,rl,Isolated RL (non-federated),"{'none': 87, 'medium': 10, 'high': 3}",3,6000000.0,35585487.50381002,11861829.167936673,493.0914583968337,15772,157.72,160,0.01014455997971088,0.048501059540579435,0.0005425669936014289,0.8663800005447108,0.9999995962743559,0.0,0.0
436570,low_default,1000000.0,2000000.0,2.0,100,fl_rl,FedAvg (federated),"{'none': 87, 'medium': 10, 'high': 3}",3,6000000.0,34913952.02370552,11637984.00790184,481.899200395092,14932,149.32,171,0.011451915349584785,0.05765610274393664,0.000684169565988121,0.8396389608311436,0.9999999655629838,0.0,0.0
436570,medium_default,1000000.0,2000000.0,2.0,100,rl,Isolated RL (non-federated),"{'none': 77, 'medium': 18, 'high': 5}",3,6000000.0,31231396.352520484,10410465.450840162,420.5232725420081,14301,143.01,365,0.025522690720928606,0.14219787051593155,0.0017459351446764274,0.8474613306480392,0.9999985557041273,0.0,0.0
436570,medium_default,1000000.0,2000000.0,2.0,100,fl_rl,FedAvg (federated),"{'none': 77, 'medium': 18, 'high': 5}",3,6000000.0,30806807.31078597,10268935.77026199,413.4467885130996,13783,137.83,387,0.028078067184212435,0.1471768116749641,0.0018905700283408356,0.8329257901330539,0.9999965731112838,0.0,0.0
436570,high_default,1000000.0,2000000.0,2.0,100,rl,Isolated RL (non-federated),"{'none': 64, 'medium': 26, 'high': 10}",3,6000000.0,26354413.083649747,8784804.361216582,339.24021806082914,12034,120.34,535,0.04445737078278212,0.26271978820849246,0.003830743598481751,0.8245885605571568,0.999999237462434,0.0,0.0
436570,high_default,1000000.0,2000000.0,2.0,100,fl_rl,FedAvg (federated),"{'none': 64, 'medium': 26, 'high': 10}",3,6000000.0,30290562.58689999,10096854.19563333,404.84270978166643,13120,131.2,666,0.05076219512195122,0.3254143728910491,0.004328516019300081,0.8269274033004462,0.9999996118771916,0.0,0.0
436570,none_default,5000000.0,10000000.0,2.0,100,rl,Isolated RL (non-federated),{'none': 100},3,30000000.0,66006255.9018804,22002085.3006268,120.02085300626797,26610,266.1,0,0.0,0.0,0.0,0.5593226390124202,0.9999993229128841,0.0,0.0
436570,none_default,5000000.0,10000000.0,2.0,100,fl_rl,FedAvg (federated),{'none': 100},3,30000000.0,65082653.704996526,21694217.90166551,116.94217901665512,26605,266.05,0,0.0,0.0,0.0,0.556452584669793,0.99998153162464,0.0,0.0
436570,low_default,5000000.0,10000000.0,2.0,100,rl,Isolated RL (non-federated),"{'none': 87, 'medium': 10, 'high': 3}",3,30000000.0,65459699.69592955,21819899.898643184,118.19899898643185,21487,214.87,717,0.033369013822311167,0.051086071120079936,0.002040331068665986,0.4621493702034088,0.9999175929743863,0.0,0.0
436570,low_default,5000000.0,10000000.0,2.0,100,fl_rl,FedAvg (federated),"{'none': 87, 'medium': 10, 'high': 3}",3,30000000.0,71429737.0634672,23809912.35448907,138.0991235448907,21714,217.14,461,0.021230542507138253,0.030569819756742972,0.0012082490660946465,0.45918744227850355,0.9999743808252517,0.0,0.0
436570,medium_default,5000000.0,10000000.0,2.0,100,rl,Isolated RL (non-federated),"{'none': 77, 'medium': 18, 'high': 5}",3,30000000.0,62586344.00798893,20862114.669329643,108.62114669329641,19950,199.5,913,0.045764411027568924,0.0688471597447492,0.0029628853256910654,0.4409993553684069,0.9999763759803075,0.0,0.0
436570,medium_default,5000000.0,10000000.0,2.0,100,fl_rl,FedAvg (federated),"{'none': 77, 'medium': 18, 'high': 5}",3,30000000.0,66730821.19910087,22243607.066366956,122.43607066366955,20288,202.88,793,0.039087145110410094,0.06354193315113273,0.002691135950734888,0.43968588257748037,0.9999984529562701,0.0,0.0
436570,high_default,5000000.0,10000000.0,2.0,100,rl,Isolated RL (non-federated),"{'none': 64, 'medium': 26, 'high': 10}",3,30000000.0,56104485.83726536,18701495.279088452,87.01495279088454,17609,176.09,1480,0.08404793003577717,0.13877071590250264,0.006768033106405513,0.43336482093422524,0.9998960628667762,0.0,0.0
436570,high_default,5000000.0,10000000.0,2.0,100,fl_rl,FedAvg (federated),"{'none': 64, 'medium': 26, 'high': 10}",3,30000000.0,57178058.55338708,19059352.85112903,90.59352851129027,16547,165.47,1021,0.06170302773916722,0.10266415247875357,0.0053179434553952045,0.3948901303092396,0.9760513625520241,0.0,0.0
436570,none_default,10000000.0,20000000.0,2.0,100,rl,Isolated RL (non-federated),{'none': 100},3,60000000.0,91807200.7024953,30602400.234165102,53.0120011708255,26633,266.33,0,0.0,0.0,0.0,0.35571514095445794,0.9969449158726971,0.0,0.0
436570,none_default,10000000.0,20000000.0,2.0,100,fl_rl,FedAvg (federated),{'none': 100},3,60000000.0,96624947.89788118,32208315.965960395,61.04157982980199,26600,266.0,0,0.0,0.0,0.0,0.3655610869898241,0.969363536557495,0.0,0.0
436570,low_default,10000000.0,20000000.0,2.0,100,rl,Isolated RL (non-federated),"{'none': 87, 'medium': 10, 'high': 3}",3,60000000.0,95234968.7930497,31744989.597683232,58.72494798841613,21635,216.35,889,0.041090825051999076,0.030907220066982554,0.002452926320204364,0.2739705646266351,0.6069260579309461,0.0,0.0
436570,low_default,10000000.0,20000000.0,2.0,100,fl_rl,FedAvg (federated),"{'none': 87, 'medium': 10, 'high': 3}",3,60000000.0,100338012.92925617,33446004.30975206,67.23002154876029,22458,224.58,387,0.01723216671119423,0.013131263189040943,0.001001892535626334,0.2786156683196081,0.6643399793549498,0.0,0.0
436570,medium_default,10000000.0,20000000.0,2.0,100,rl,Isolated RL (non-federated),"{'none': 77, 'medium': 18, 'high': 5}",3,60000000.0,94848087.27245513,31616029.090818375,58.08014545409188,19258,192.58,981,0.05093986914529027,0.03905667344442583,0.0034716249015302194,0.2570170778681983,0.5983037592934615,0.0,0.0
436570,medium_default,10000000.0,20000000.0,2.0,100,fl_rl,FedAvg (federated),"{'none': 77, 'medium': 18, 'high': 5}",3,60000000.0,94055260.17347626,31351753.391158756,56.75876695579377,19765,197.65,589,0.029800151783455603,0.025057942041588004,0.0021683721345067937,0.2500395344603653,0.5422802119081856,0.0,0.0
436570,high_default,10000000.0,20000000.0,2.0,100,rl,Isolated RL (non-federated),"{'none': 64, 'medium': 26, 'high': 10}",3,60000000.0,85304754.9300955,28434918.31003183,42.17459155015917,17764,177.64,1461,0.08224498986714704,0.06866363367721606,0.00662458639606023,0.24865269844465568,0.5384409847446832,0.0,0.0
436570,high_default,10000000.0,20000000.0,2.0,100,fl_rl,FedAvg (federated),"{'none': 64, 'medium': 26, 'high': 10}",3,60000000.0,88139436.11519632,29379812.038398772,46.89906019199384,16813,168.13,1198,0.07125438648664724,0.059817181829083424,0.006112493037353659,0.23046787995734408,0.5390530761965446,0.0,0.0
831197,none_default,1000000.0,2000000.0,2.0,100,rl,Isolated RL (non-federated),{'none': 100},3,6000000.0,38782384.89617658,12927461.632058859,546.373081602943,18185,181.85,0,0.0,0.0,0.0,0.907992482089994,0.9999995582863794,0.0,0.0
831197,none_default,1000000.0,2000000.0,2.0,100,fl_rl,FedAvg (federated),{'none': 100},3,6000000.0,39213771.32713024,13071257.109043414,553.5628554521707,18365,183.65,0,0.0,0.0,0.0,0.9080999069013372,0.9999986662917196,0.0,0.0
831197,low_default,1000000.0,2000000.0,2.0,100,rl,Isolated RL (non-federated),"{'none': 87, 'medium': 10, 'high': 3}",3,6000000.0,34225670.88763858,11408556.962546192,470.42784812730963,15505,155.05,431,0.02779748468236053,0.16054246186830679,0.0018213992124849795,0.8696732525376312,0.9999998428877293,0.0,0.0
831197,low_default,1000000.0,2000000.0,2.0,100,fl_rl,FedAvg (federated),"{'none': 87, 'medium': 10, 'high': 3}",3,6000000.0,31987702.68260107,10662567.560867023,433.1283780433511,15695,156.95,275,0.01752150366358713,0.09746642479239688,0.0010935461734715743,0.9032056462886037,0.9999961918313784,0.0,0.0
831197,medium_default,1000000.0,2000000.0,2.0,100,rl,Isolated RL (non-federated),"{'none': 77, 'medium': 18, 'high': 5}",3,6000000.0,32093983.4920969,10697994.497365633,434.89972486828174,14661,146.61,368,0.025100607052724915,0.14296100984833973,0.0017152540066648822,0.8512911559865142,0.9999993314789777,0.0,0.0
831197,medium_default,1000000.0,2000000.0,2.0,100,fl_rl,FedAvg (federated),"{'none': 77, 'medium': 18, 'high': 5}",3,6000000.0,32245372.255449556,10748457.418483185,437.42287092415927,14558,145.58,263,0.018065668361038605,0.10037880685998993,0.001207873006243864,0.850638065506096,0.9999993314789777,0.0,0.0
831197,high_default,1000000.0,2000000.0,2.0,100,rl,Isolated RL (non-federated),"{'none': 64, 'medium': 26, 'high': 10}",3,6000000.0,28762456.2457562,9587485.415252067,379.3742707626034,12845,128.45,531,0.041339042428960686,0.25051201127307954,0.003402097446457172,0.8274983568873745,0.9999995355856479,0.0,0.0
831197,high_default,1000000.0,2000000.0,2.0,100,fl_rl,FedAvg (federated),"{'none': 64, 'medium': 26, 'high': 10}",3,6000000.0,28601303.13453729,9533767.71151243,376.6883855756215,12286,122.86,665,0.054126648217483316,0.30711796121423374,0.004383277139145984,0.8064236441694701,0.9999988278541587,0.0,0.0
831197,none_default,5000000.0,10000000.0,2.0,100,rl,Isolated RL (non-federated),{'none': 100},3,30000000.0,64465324.218832165,21488441.40627739,114.88441406277389,26624,266.24,0,0.0,0.0,0.0,0.5749320079026752,0.9999982851797644,0.0,0.0
831197,none_default,5000000.0,10000000.0,2.0,100,fl_rl,FedAvg (federated),{'none': 100},3,30000000.0,65355444.123843454,21785148.041281153,117.85148041281151,26527,265.27,0,0.0,0.0,0.0,0.5494308040163934,0.999983726292087,0.0,0.0
831197,low_default,5000000.0,10000000.0,2.0,100,rl,Isolated RL (non-federated),"{'none': 87, 'medium': 10, 'high': 3}",3,30000000.0,68498945.42310743,22832981.807702478,128.32981807702475,21630,216.3,865,0.03999075358298659,0.06567684032028495,0.0026049503229953986,0.45128280953045113,0.999988368555745,0.0,0.0
831197,low_default,5000000.0,10000000.0,2.0,100,fl_rl,FedAvg (federated),"{'none': 87, 'medium': 10, 'high': 3}",3,30000000.0,66436349.635212064,22145449.87840402,121.45449878404021,22250,222.5,307,0.013797752808988765,0.021156717102772393,0.0008158803437601373,0.4613605105495065,0.9999860448493928,0.0,0.0
831197,medium_default,5000000.0,10000000.0,2.0,100,rl,Isolated RL (non-federated),"{'none': 77, 'medium': 18, 'high': 5}",3,30000000.0,62333455.77461147,20777818.59153716,107.77818591537161,19858,198.58,1024,0.05156611944808138,0.08121555758059967,0.003509817654563103,0.44911635234008446,0.9999947614703703,0.0,0.0
831197,medium_default,5000000.0,10000000.0,2.0,100,fl_rl,FedAvg (federated),"{'none': 77, 'medium': 18, 'high': 5}",3,30000000.0,65168108.956575036,21722702.985525012,117.22702985525012,17952,179.52,758,0.04222370766488413,0.05895405792480444,0.0028112556061706275,0.3987799869706531,0.9999892434671142,0.0,0.0
831197,high_default,5000000.0,10000000.0,2.0,100,rl,Isolated RL (non-federated),"{'none': 64, 'medium': 26, 'high': 10}",3,30000000.0,54495211.52906971,18165070.5096899,81.65070509689902,17715,177.15,1519,0.08574654247812588,0.14608723841237145,0.0070742224736633375,0.44165373946210384,0.9999875964973252,0.0,0.0
831197,high_default,5000000.0,10000000.0,2.0,100,fl_rl,FedAvg (federated),"{'none': 64, 'medium': 26, 'high': 10}",3,30000000.0,57761291.90794205,19253763.969314016,92.53763969314015,17036,170.36,1172,0.06879549189950693,0.11473229724237963,0.005773992948070513,0.4060196479533264,0.9999875964973252,0.0,0.0
831197,none_default,10000000.0,20000000.0,2.0,100,rl,Isolated RL (non-federated),{'none': 100},3,60000000.0,92348181.78511193,30782727.26170398,53.913636308519905,26651,266.51,0,0.0,0.0,0.0,0.36765596682466656,0.9999855655287415,0.0,0.0
831197,none_default,10000000.0,20000000.0,2.0,100,fl_rl,FedAvg (federated),{'none': 100},3,60000000.0,96840484.81688972,32280161.605629906,61.40080802814954,26479,264.79,0,0.0,0.0,0.0,0.32617270590542874,0.716497003852503,0.0,0.0
831197,low_default,10000000.0,20000000.0,2.0,100,rl,Isolated RL (non-federated),"{'none': 87, 'medium': 10, 'high': 3}",3,60000000.0,98529333.47229588,32843111.15743196,64.2155557871598,21993,219.93,642,0.029191106261083073,0.022014477698642104,0.001715410975251619,0.2783341784918323,0.6092282810375957,0.0,0.0
831197,low_default,10000000.0,20000000.0,2.0,100,fl_rl,FedAvg (federated),"{'none': 87, 'medium': 10, 'high': 3}",3,60000000.0,100016076.63507682,33338692.211692274,66.69346105846137,20949,209.49,497,0.023724282781994368,0.016785778302646027,0.0013736500128812134,0.26596102762887436,0.6305894646028177,0.0,0.0
831197,medium_default,10000000.0,20000000.0,2.0,100,rl,Isolated RL (non-federated),"{'none': 77, 'medium': 18, 'high': 5}",3,60000000.0,93754903.21934003,31251634.406446677,56.25817203223337,19424,194.24,1085,0.05585873146622735,0.04327011693317934,0.0038091997956700026,0.2536851511045406,0.5901838332837614,0.0,0.0
831197,medium_default,10000000.0,20000000.0,2.0,100,fl_rl,FedAvg (federated),"{'none': 77, 'medium': 18, 'high': 5}",3,60000000.0,93532848.55155486,31177616.18385162,55.888080919258094,19068,190.68,622,0.03262009649674848,0.02591604074018055,0.0023274199043646707,0.26305837922174385,0.7559857162557831,0.0,0.0
831197,high_default,10000000.0,20000000.0,2.0,100,rl,Isolated RL (non-federated),"{'none': 64, 'medium': 26, 'high': 10}",3,60000000.0,86200464.22263674,28733488.07421225,43.66744037106125,16712,167.12,1375,0.08227620871230254,0.06834426288023816,0.007003353768563319,0.23339095894272596,0.567451482168844,0.0,0.0
831197,high_default,10000000.0,20000000.0,2.0,100,fl_rl,FedAvg (federated),"{'none': 64, 'medium': 26, 'high': 10}",3,60000000.0,84981290.04734015,28327096.68244672,41.635483412233604,14735,147.35,915,0.06209704784526637,0.0472364965572192,0.005487259585360628,0.20138911679168353,0.5632650031308123,0.0,0.0
709098,none_default,1000000.0,5000000.0,5.0,250,rl,Isolated RL (non-federated),{'none': 250},3,15000000.0,99566577.2884932,33188859.0961644,563.777181923288,44175,176.7,0,0.0,0.0,0.0,0.9010338575242806,0.9999999908347658,0.0,0.0
709098,none_default,1000000.0,5000000.0,5.0,250,fl_rl,FedAvg (federated),{'none': 250},3,15000000.0,95376162.9912651,31792054.3304217,535.841086608434,43272,173.088,0,0.0,0.0,0.0,0.8986039420563274,0.999999803599084,0.0,0.0
709098,low_default,1000000.0,5000000.0,5.0,250,rl,Isolated RL (non-federated),"{'none': 218, 'medium': 26, 'high': 6}",3,15000000.0,92560130.47977412,30853376.826591372,517.0675365318274,38638,154.552,313,0.00810083337646876,0.04204681051102292,0.00047041102763394435,0.8318849084486992,0.9999996919327407,0.0,0.0
709098,low_default,1000000.0,5000000.0,5.0,250,fl_rl,FedAvg (federated),"{'none': 218, 'medium': 26, 'high': 6}",3,15000000.0,92567263.67293522,30855754.55764507,517.1150911529014,38800,155.2,354,0.009123711340206186,0.04868949851661789,0.0005423562149955357,0.834753680351523,0.9999996898372152,0.0,0.0
709098,medium_default,1000000.0,5000000.0,5.0,250,rl,Isolated RL (non-federated),"{'none': 192, 'medium': 45, 'high': 13}",3,15000000.0,81392132.999305,27130710.99976833,442.6142199953666,34242,136.968,525,0.015332048361661119,0.08231290749092722,0.0010401215973380971,0.8222752159880595,0.9999998107576351,0.0,0.0
709098,medium_default,1000000.0,5000000.0,5.0,250,fl_rl,FedAvg (federated),"{'none': 192, 'medium': 45, 'high': 13}",3,15000000.0,80645428.34619156,26881809.448730517,437.6361889746103,33745,134.98,919,0.027233664246555045,0.15194636679346038,0.001956737213903499,0.8055496270378989,0.9999999816399726,0.0,0.0
709098,high_default,1000000.0,5000000.0,5.0,250,rl,Isolated RL (non-federated),"{'none': 160, 'medium': 64, 'high': 26}",3,15000000.0,70394359.84105575,23464786.61368525,369.295732273705,31048,124.192,1089,0.035074723009533626,0.22604585023982257,0.0031551776594783126,0.8391220008303922,0.9999986666202141,0.0,0.0
709098,high_default,1000000.0,5000000.0,5.0,250,fl_rl,FedAvg (federated),"{'none': 160, 'medium': 64, 'high': 26}",3,15000000.0,73544547.95188701,24514849.31729567,390.29698634591347,32259,129.036,1071,0.03320003719892123,0.2114370460409107,0.002841567205560418,0.8217561334872591,0.9999999681714861,0.0,0.0
709098,none_default,5000000.0,25000000.0,5.0,250,rl,Isolated RL (non-federated),{'none': 250},3,75000000.0,179096309.83980018,59698769.94660006,138.79507978640024,64838,259.352,0,0.0,0.0,0.0,0.5179736016995321,0.9999994472319793,0.0,0.0
709098,none_default,5000000.0,25000000.0,5.0,250,fl_rl,FedAvg (federated),{'none': 250},3,75000000.0,181930803.63760915,60643601.21253639,142.57440485014556,61107,244.428,0,0.0,0.0,0.0,0.5029978489788894,0.9999939849961116,0.0,0.0
709098,low_default,5000000.0,25000000.0,5.0,250,rl,Isolated RL (non-federated),"{'none': 218, 'medium': 26, 'high': 6}",3,75000000.0,172818663.3644606,57606221.121486865,130.42488448594744,51879,207.516,1063,0.020489986314308293,0.02937828336229017,0.0012132891855931621,0.43580688897830044,0.9997009312954007,0.0,0.0
709098,low_default,5000000.0,25000000.0,5.0,250,fl_rl,FedAvg (federated),"{'none': 218, 'medium': 26, 'high': 6}",3,75000000.0,172274142.50568885,57424714.16856295,129.69885667425177,50890,203.56,746,0.014659068579288661,0.020732342528481437,0.000871180980224418,0.42044825694288973,0.9997009312954007,0.0,0.0
709098,medium_default,5000000.0,25000000.0,5.0,250,rl,Isolated RL (non-federated),"{'none': 192, 'medium': 45, 'high': 13}",3,75000000.0,162471741.76057103,54157247.25352368,116.62898901409473,47531,190.124,1550,0.03261029643811407,0.05262378611495113,0.0023734704148293834,0.41401884211803697,0.9999951019563594,0.0,0.0
709098,medium_default,5000000.0,25000000.0,5.0,250,fl_rl,FedAvg (federated),"{'none': 192, 'medium': 45, 'high': 13}",3,75000000.0,164506081.27498275,54835360.42499425,119.34144169997698,46701,186.804,1290,0.02762253484936083,0.044879683689635234,0.0020581230538467853,0.3964525850912388,0.9999951019563594,0.0,0.0
709098,high_default,5000000.0,25000000.0,5.0,250,rl,Isolated RL (non-federated),"{'none': 160, 'medium': 64, 'high': 26}",3,75000000.0,142100761.68959624,47366920.563198745,89.46768225279496,42938,171.752,2899,0.06751595323489683,0.11765457159670967,0.005884878388476727,0.41021856634107834,0.9999924879113244,0.0,0.0
709098,high_default,5000000.0,25000000.0,5.0,250,fl_rl,FedAvg (federated),"{'none': 160, 'medium': 64, 'high': 26}",3,75000000.0,145237272.38062316,48412424.12687439,93.64969650749755,41280,165.12,2377,0.05758236434108527,0.10001175961537485,0.0051918629330314475,0.38614780437413443,0.9999805275432653,0.0,0.0
709098,none_default,10000000.0,50000000.0,5.0,250,rl,Isolated RL (non-federated),{'none': 250},3,150000000.0,251661432.74463248,83887144.24821083,67.77428849642166,65634,262.536,0,0.0,0.0,0.0,0.3314754416210668,0.9999461589262871,0.0,0.0
709098,none_default,10000000.0,50000000.0,5.0,250,fl_rl,FedAvg (federated),{'none': 250},3,150000000.0,257022752.5051598,85674250.83505327,71.34850167010651,64746,258.984,0,0.0,0.0,0.0,0.31553088313201705,0.9924193691033367,0.0,0.0
709098,low_default,10000000.0,50000000.0,5.0,250,rl,Isolated RL (non-federated),"{'none': 218, 'medium': 26, 'high': 6}",3,150000000.0,249935899.27168652,83311966.42389551,66.62393284779101,53210,212.84,1200,0.022552151851155798,0.017090027711252852,0.0013763271681642667,0.2687257281018194,0.7413662261937799,0.0,0.0
709098,low_default,10000000.0,50000000.0,5.0,250,fl_rl,FedAvg (federated),"{'none': 218, 'medium': 26, 'high': 6}",3,150000000.0,251538729.49696377,83846243.16565458,67.6924863313092,50874,203.496,656,0.01289460235090616,0.009150993746042788,0.0007699369538075414,0.2485034663117545,0.5651809445947141,0.0,0.0
709098,medium_default,10000000.0,50000000.0,5.0,250,rl,Isolated RL (non-federated),"{'none': 192, 'medium': 45, 'high': 13}",3,150000000.0,230443279.64489964,76814426.54829988,53.628853096599755,43122,172.488,2114,0.04902370019943416,0.03403616813428904,0.003380598493234499,0.22734653633100574,0.570658662420892,0.0,0.0
709098,medium_default,10000000.0,50000000.0,5.0,250,fl_rl,FedAvg (federated),"{'none': 192, 'medium': 45, 'high': 13}",3,150000000.0,235366370.3388479,78455456.77961597,56.91091355923193,46639,186.556,1489,0.03192607045605609,0.02460989007240726,0.002258433582905371,0.23994056808456582,0.5390733598932922,0.0,0.0
709098,high_default,10000000.0,50000000.0,5.0,250,rl,Isolated RL (non-federated),"{'none': 160, 'medium': 64, 'high': 26}",3,150000000.0,224049020.3594455,74683006.78648184,49.36601357296367,41745,166.98,2599,0.06225895316804408,0.05255652073546968,0.005390074269849949,0.22324237045930473,0.5486725948896879,0.0,0.0
709098,high_default,10000000.0,50000000.0,5.0,250,fl_rl,FedAvg (federated),"{'none': 160, 'medium': 64, 'high': 26}",3,150000000.0,217780061.5069806,72593353.8356602,45.186707671320384,38524,154.096,2250,0.05840515003634098,0.04510584490713458,0.005020465682841047,0.2091573121445653,0.5314690681246487,0.0,0.0
436570,none_default,1000000.0,5000000.0,5.0,250,rl,Isolated RL (non-federated),{'none': 250},3,15000000.0,98652605.77670695,32884201.925568983,557.6840385113796,43836,175.344,0,0.0,0.0,0.0,0.8960891778017709,0.9999998672537552,0.0,0.0
436570,none_default,1000000.0,5000000.0,5.0,250,fl_rl,FedAvg (federated),{'none': 250},3,15000000.0,99704679.0174743,33234893.005824763,564.6978601164952,43904,175.616,0,0.0,0.0,0.0,0.8779099833491393,0.999999991397653,0.0,0.0
436570,low_default,1000000.0,5000000.0,5.0,250,rl,Isolated RL (non-federated),"{'none': 218, 'medium': 26, 'high': 6}",3,15000000.0,90544510.43278289,30181503.477594297,503.6300695518859,38184,152.736,432,0.011313639220615965,0.05499925771415877,0.0006246612903859451,0.8396921041429926,0.9999996500838154,0.0,0.0
436570,low_default,1000000.0,5000000.0,5.0,250,fl_rl,FedAvg (federated),"{'none': 218, 'medium': 26, 'high': 6}",3,15000000.0,90723546.47400846,30241182.15800282,504.82364316005635,37892,151.568,596,0.015728913754882296,0.08130985272584153,0.0009288378141547824,0.8240975202104281,0.999999785345689,0.0,0.0
436570,medium_default,1000000.0,5000000.0,5.0,250,rl,Isolated RL (non-federated),"{'none': 192, 'medium': 45, 'high': 13}",3,15000000.0,79090830.58132352,26363610.193774506,427.2722038754901,33599,134.396,1148,0.034167683562010775,0.18030930604396592,0.002324637416104222,0.8130877445411319,0.9999998933273249,0.0,0.0
436570,medium_default,1000000.0,5000000.0,5.0,250,fl_rl,FedAvg (federated),"{'none': 192, 'medium': 45, 'high': 13}",3,15000000.0,80472456.76201671,26824152.25400557,436.4830450801114,34328,137.312,835,0.02432416686087159,0.13255196781301287,0.0016738396718193036,0.8275660120522604,0.9999983190053963,0.0,0.0
436570,high_default,1000000.0,5000000.0,5.0,250,rl,Isolated RL (non-federated),"{'none': 160, 'medium': 64, 'high': 26}",3,15000000.0,70786441.36494792,23595480.45498264,371.90960909965276,30720,122.88,1164,0.037890625,0.23644192125975652,0.003351937218887543,0.8032282598256646,0.9999998653702439,0.0,0.0
436570,high_default,1000000.0,5000000.0,5.0,250,fl_rl,FedAvg (federated),"{'none': 160, 'medium': 64, 'high': 26}",3,15000000.0,72309264.4450617,24103088.1483539,382.06176296707804,30805,123.22,952,0.030904074013958772,0.19827889178351488,0.002792361506306259,0.8115474690335607,0.9999990954543099,0.0,0.0
436570,none_default,5000000.0,25000000.0,5.0,250,rl,Isolated RL (non-federated),{'none': 250},3,75000000.0,187100378.49772245,62366792.83257415,149.4671713302966,64486,257.944,0,0.0,0.0,0.0,0.49935669426970175,0.9999999933140896,0.0,0.0
436570,none_default,5000000.0,25000000.0,5.0,250,fl_rl,FedAvg (federated),{'none': 250},3,75000000.0,184334335.42663628,61444778.47554543,145.77911390218168,61540,246.16,0,0.0,0.0,0.0,0.4991932736815768,0.9999992219160144,0.0,0.0
436570,low_default,5000000.0,25000000.0,5.0,250,rl,Isolated RL (non-federated),"{'none': 218, 'medium': 26, 'high': 6}",3,75000000.0,175571091.21577865,58523697.071926214,134.0947882877049,55060,220.24,830,0.015074464220849982,0.02239281391061482,0.0008715940176837924,0.44534226736115995,0.9999695320737121,0.0,0.0
436570,low_default,5000000.0,25000000.0,5.0,250,fl_rl,FedAvg (federated),"{'none': 218, 'medium': 26, 'high': 6}",3,75000000.0,169572891.71737742,56524297.23912581,126.09718895650325,51189,204.756,744,0.014534372619117388,0.01950620635563054,0.0008173328250262696,0.41586260582364803,0.9999695320737121,0.0,0.0
436570,medium_default,5000000.0,25000000.0,5.0,250,rl,Isolated RL (non-federated),"{'none': 192, 'medium': 45, 'high': 13}",3,75000000.0,160184315.6467685,53394771.88225617,113.57908752902466,47870,191.48,1761,0.0367871318153332,0.0562657285792337,0.0025217367691673888,0.4259961480888138,0.9999947863427854,0.0,0.0
436570,medium_default,5000000.0,25000000.0,5.0,250,fl_rl,FedAvg (federated),"{'none': 192, 'medium': 45, 'high': 13}",3,75000000.0,161804739.61079168,53934913.203597225,115.7396528143889,46211,184.844,1359,0.029408582372162474,0.043714381246505396,0.0020262024268101956,0.40504058858867475,0.9999947863427854,0.0,0.0
436570,high_default,5000000.0,25000000.0,5.0,250,rl,Isolated RL (non-federated),"{'none': 160, 'medium': 64, 'high': 26}",3,75000000.0,143471694.8868996,47823898.2956332,91.29559318253278,42810,171.24,2883,0.06734407848633497,0.11417924823495423,0.005708260435074084,0.4074624559250662,0.999996663596883,0.0,0.0
436570,high_default,5000000.0,25000000.0,5.0,250,fl_rl,FedAvg (federated),"{'none': 160, 'medium': 64, 'high': 26}",3,75000000.0,143307585.27982062,47769195.09327354,91.07678037309417,40103,160.412,2446,0.060992943171333816,0.10307757869147291,0.005517397198931307,0.3846220601241978,0.9999993541266848,0.0,0.0
436570,none_default,10000000.0,50000000.0,5.0,250,rl,Isolated RL (non-federated),{'none': 250},3,150000000.0,263952622.29151356,87984207.43050452,75.96841486100907,64301,257.204,0,0.0,0.0,0.0,0.3097796324934741,0.7451331483846441,0.0,0.0
436570,none_default,10000000.0,50000000.0,5.0,250,fl_rl,FedAvg (federated),{'none': 250},3,150000000.0,256314386.4010637,85438128.80035457,70.87625760070912,63008,252.032,0,0.0,0.0,0.0,0.30786585642134373,0.8849499677242783,0.0,0.0
436570,low_default,10000000.0,50000000.0,5.0,250,rl,Isolated RL (non-federated),"{'none': 218, 'medium': 26, 'high': 6}",3,150000000.0,247032428.20302266,82344142.73434089,64.68828546868178,50858,203.432,1007,0.019800228086043495,0.01461607489293728,0.0012321820729499322,0.25564140389523127,0.7275100644167821,0.0,0.0
436570,low_default,10000000.0,50000000.0,5.0,250,fl_rl,FedAvg (federated),"{'none': 218, 'medium': 26, 'high': 6}",3,150000000.0,248721436.10844025,82907145.36948009,65.81429073896017,52492,209.968,695,0.013240112779090147,0.009618615353424375,0.0007863745285312572,0.2620575449534284,0.7165750746634272,0.0,0.0
436570,medium_default,10000000.0,50000000.0,5.0,250,rl,Isolated RL (non-federated),"{'none': 192, 'medium': 45, 'high': 13}",3,150000000.0,237121296.9025084,79040432.30083613,58.080864601672275,48015,192.06,2454,0.05110902842861606,0.04032630893132155,0.0036025265450948855,0.2525374986542542,0.6263213652238229,0.0,0.0
436570,medium_default,10000000.0,50000000.0,5.0,250,fl_rl,FedAvg (federated),"{'none': 192, 'medium': 45, 'high': 13}",3,150000000.0,236424490.1271565,78808163.37571883,57.616326751437654,46189,184.756,1182,0.025590508562644786,0.020638337410618216,0.001919299899395837,0.23391933401020734,0.5798813385959977,0.0,0.0
436570,high_default,10000000.0,50000000.0,5.0,250,rl,Isolated RL (non-federated),"{'none': 160, 'medium': 64, 'high': 26}",3,150000000.0,222166361.69293875,74055453.89764625,48.1109077952925,41737,166.948,2815,0.06744615089728538,0.05864280211731118,0.006012972091877355,0.2278313245228602,0.5761714463230142,0.0,0.0
436570,high_default,10000000.0,50000000.0,5.0,250,fl_rl,FedAvg (federated),"{'none': 160, 'medium': 64, 'high': 26}",3,150000000.0,217117716.28787884,72372572.09595962,44.74514419191922,39093,156.372,2784,0.07121479548768321,0.05870719968612744,0.006430887976212591,0.21416980945080605,0.6237958159898549,0.0,0.0
831197,none_default,1000000.0,5000000.0,5.0,250,rl,Isolated RL (non-federated),{'none': 250},3,15000000.0,97840743.79607908,32613581.265359696,552.2716253071939,44381,177.524,0,0.0,0.0,0.0,0.8918495395934355,0.9999997954874661,0.0,0.0
831197,none_default,1000000.0,5000000.0,5.0,250,fl_rl,FedAvg (federated),{'none': 250},3,15000000.0,98595833.28077187,32865277.76025729,557.3055552051458,45362,181.448,0,0.0,0.0,0.0,0.900227477351432,0.999999868124977,0.0,0.0
831197,low_default,1000000.0,5000000.0,5.0,250,rl,Isolated RL (non-federated),"{'none': 218, 'medium': 26, 'high': 6}",3,15000000.0,88472112.44258247,29490704.14752749,489.81408295054985,37766,151.064,632,0.016734629031403908,0.08619179963433438,0.0009906482878997915,0.8449319125076483,0.9999997702613577,0.0,0.0
831197,low_default,1000000.0,5000000.0,5.0,250,fl_rl,FedAvg (federated),"{'none': 218, 'medium': 26, 'high': 6}",3,15000000.0,92479901.93068978,30826633.976896595,516.5326795379319,39676,158.704,357,0.00899788285109386,0.0483961297328372,0.0005283648298897641,0.8454469075052202,0.9999996033699259,0.0,0.0
831197,medium_default,1000000.0,5000000.0,5.0,250,rl,Isolated RL (non-federated),"{'none': 192, 'medium': 45, 'high': 13}",3,15000000.0,82584330.7876905,27528110.2625635,450.56220525127003,34109,136.436,686,0.020111993901902724,0.11346829788948244,0.0014464285504628327,0.8164973542655805,0.9999998829849973,0.0,0.0
831197,medium_default,1000000.0,5000000.0,5.0,250,fl_rl,FedAvg (federated),"{'none': 192, 'medium': 45, 'high': 13}",3,15000000.0,83296077.9920747,27765359.330691565,455.30718661383133,36563,146.252,946,0.025873150452643382,0.1564559675996894,0.0018572890692790153,0.8314081949901221,0.9999997747553391,0.0,0.0
831197,high_default,1000000.0,5000000.0,5.0,250,rl,Isolated RL (non-federated),"{'none': 160, 'medium': 64, 'high': 26}",3,15000000.0,67994577.239216,22664859.079738665,353.29718159477335,29630,118.52,1561,0.05268309146135673,0.31064863313929353,0.00455640390213673,0.8259106802250022,0.9999997580802265,0.0,0.0
831197,high_default,1000000.0,5000000.0,5.0,250,fl_rl,FedAvg (federated),"{'none': 160, 'medium': 64, 'high': 26}",3,15000000.0,72371621.68358001,24123873.89452667,382.4774778905333,31921,127.684,1180,0.036966260455499514,0.24478424156961404,0.003320016901495996,0.8111151488747965,0.9999993210165615,0.0,0.0
831197,none_default,5000000.0,25000000.0,5.0,250,rl,Isolated RL (non-federated),{'none': 250},3,75000000.0,177182326.8959456,59060775.63198187,136.2431025279275,66036,264.144,0,0.0,0.0,0.0,0.5327852312882052,0.9999994417473727,0.0,0.0
831197,none_default,5000000.0,25000000.0,5.0,250,fl_rl,FedAvg (federated),{'none': 250},3,75000000.0,175754446.72067937,58584815.57355979,134.33926229423918,60816,243.264,0,0.0,0.0,0.0,0.49823869294523665,0.9999999009851337,0.0,0.0
831197,low_default,5000000.0,25000000.0,5.0,250,rl,Isolated RL (non-federated),"{'none': 218, 'medium': 26, 'high': 6}",3,75000000.0,175167384.22140658,58389128.073802195,133.5565122952088,54985,219.94,1337,0.024315722469764482,0.03700902348006417,0.0014407174684481073,0.4495562435439646,0.9999922872076485,0.0,0.0
831197,low_default,5000000.0,25000000.0,5.0,250,fl_rl,FedAvg (federated),"{'none': 218, 'medium': 26, 'high': 6}",3,75000000.0,170069051.59742182,56689683.86580727,126.75873546322906,51939,207.756,1126,0.021679277614124262,0.03132640804609557,0.0012942429253399086,0.43007060838007777,0.9999925589720302,0.0,0.0
831197,medium_default,5000000.0,25000000.0,5.0,250,rl,Isolated RL (non-federated),"{'none': 192, 'medium': 45, 'high': 13}",3,75000000.0,162877992.2828506,54292664.09428353,117.17065637713412,49320,197.28,2004,0.04063260340632603,0.0649317242731208,0.002822135166668374,0.4351582141617945,0.999989581935474,0.0,0.0
831197,medium_default,5000000.0,25000000.0,5.0,250,fl_rl,FedAvg (federated),"{'none': 192, 'medium': 45, 'high': 13}",3,75000000.0,159554252.1203735,53184750.70679116,112.73900282716461,47037,188.148,1764,0.037502391734166717,0.058374568675018584,0.002659144931456447,0.41137188475478204,0.9999827216713463,0.0,0.0
831197,high_default,5000000.0,25000000.0,5.0,250,rl,Isolated RL (non-federated),"{'none': 160, 'medium': 64, 'high': 26}",3,75000000.0,144859570.80623215,48286523.60207739,93.14609440830954,39908,159.632,2343,0.058710033076074974,0.0967478528623942,0.0051997553297291315,0.37272842508387144,0.9999930943723901,0.0,0.0
831197,high_default,5000000.0,25000000.0,5.0,250,fl_rl,FedAvg (federated),"{'none': 160, 'medium': 64, 'high': 26}",3,75000000.0,142514321.09206042,47504773.697353475,90.01909478941388,41143,164.572,2319,0.05636438762365408,0.09740951612690354,0.005082214936299275,0.3850580626109659,0.9999930943723901,0.0,0.0
831197,none_default,10000000.0,50000000.0,5.0,250,rl,Isolated RL (non-federated),{'none': 250},3,150000000.0,254640171.412557,84880057.137519,69.76011427503802,64889,259.556,0,0.0,0.0,0.0,0.31317723523705726,0.9556503967255251,0.0,0.0
831197,none_default,10000000.0,50000000.0,5.0,250,fl_rl,FedAvg (federated),{'none': 250},3,150000000.0,251158264.86844748,83719421.62281583,67.43884324563165,61759,247.036,0,0.0,0.0,0.0,0.31787845231793727,0.879312849008155,0.0,0.0
831197,low_default,10000000.0,50000000.0,5.0,250,rl,Isolated RL (non-federated),"{'none': 218, 'medium': 26, 'high': 6}",3,150000000.0,249674691.33400583,83224897.11133528,66.44979422267056,51552,206.208,736,0.014276846679081317,0.010644519423955914,0.0008851080255789318,0.2539110777679978,0.6643997653445083,0.0,0.0
831197,low_default,10000000.0,50000000.0,5.0,250,fl_rl,FedAvg (federated),"{'none': 218, 'medium': 26, 'high': 6}",3,150000000.0,241382625.93104678,80460875.31034893,60.921750620697864,47913,191.652,840,0.017531776344624633,0.012052941017065593,0.0010781362900965745,0.24161256072479886,0.7773059620641775,0.0,0.0
831197,medium_default,10000000.0,50000000.0,5.0,250,rl,Isolated RL (non-federated),"{'none': 192, 'medium': 45, 'high': 13}",3,150000000.0,231893630.4875545,77297876.82918483,54.59575365836966,43444,173.776,1564,0.036000368290212685,0.025361043812893443,0.0025012896228914323,0.2291758384370091,0.5494265227613206,0.0,0.0
831197,medium_default,10000000.0,50000000.0,5.0,250,fl_rl,FedAvg (federated),"{'none': 192, 'medium': 45, 'high': 13}",3,150000000.0,237526862.65306398,79175620.88435467,58.351241768709336,46968,187.872,1732,0.0368761710100494,0.028111053497488773,0.00256635768273657,0.23941768912210118,0.5163598085875303,0.0,0.0
831197,high_default,10000000.0,50000000.0,5.0,250,rl,Isolated RL (non-federated),"{'none': 160, 'medium': 64, 'high': 26}",3,150000000.0,223232420.78890198,74410806.92963399,48.82161385926799,42442,169.768,2529,0.05958720135714622,0.04996408188353392,0.00505283605212482,0.22585742491980615,0.5972579244279552,0.0,0.0
831197,high_default,10000000.0,50000000.0,5.0,250,fl_rl,FedAvg (federated),"{'none': 160, 'medium': 64, 'high': 26}",3,150000000.0,223941732.7820614,74647244.26068713,49.29448852137426,41345,165.38,2305,0.05575039303422421,0.047058077276123274,0.004883786713124571,0.21894883810777893,0.5456220034021769,0.0,0.0
709098,none_default,1000000.0,10000000.0,10.0,500,rl,Isolated RL (non-federated),{'none': 500},3,30000000.0,208576285.85521966,69525428.61840655,595.2542861840654,88094,176.188,0,0.0,0.0,0.0,0.8670789210620007,0.9999999253316679,0.0,0.0
709098,none_default,1000000.0,10000000.0,10.0,500,fl_rl,FedAvg (federated),{'none': 500},3,30000000.0,206466849.06623384,68822283.02207795,588.2228302207794,90063,180.126,0,0.0,0.0,0.0,0.8848755075917052,0.9999999322688166,0.0,0.0
709098,low_default,1000000.0,10000000.0,10.0,500,rl,Isolated RL (non-federated),"{'none': 436, 'medium': 51, 'high': 13}",3,30000000.0,184793291.82338417,61597763.94112805,515.9776394112806,75903,151.806,586,0.0077203799586314115,0.041813289677926795,0.0004754226820219992,0.825458138630009,0.999999934328133,0.0,0.0
709098,low_default,1000000.0,10000000.0,10.0,500,fl_rl,FedAvg (federated),"{'none': 436, 'medium': 51, 'high': 13}",3,30000000.0,186563143.81719708,62187714.60573236,521.8771460573236,76922,153.844,872,0.011336158706221887,0.06344530884143336,0.0007117932802065602,0.8234456397222166,0.9999999678626452,0.0,0.0
709098,medium_default,1000000.0,10000000.0,10.0,500,rl,Isolated RL (non-federated),"{'none': 384, 'medium': 90, 'high': 26}",3,30000000.0,170125770.19852635,56708590.06617545,467.08590066175447,69233,138.466,1120,0.016177256510623548,0.09560068238069716,0.0011900276158761142,0.8033895795741606,0.9999996663308841,0.0,0.0
709098,medium_default,1000000.0,10000000.0,10.0,500,fl_rl,FedAvg (federated),"{'none': 384, 'medium': 90, 'high': 26}",3,30000000.0,169968954.8787229,56656318.29290763,466.5631829290764,71079,142.158,1185,0.016671590765204913,0.10065508142891211,0.001221818945483786,0.8154339121657669,0.99999982399023,0.0,0.0
709098,high_default,1000000.0,10000000.0,10.0,500,rl,Isolated RL (non-federated),"{'none': 321, 'medium': 128, 'high': 51}",3,30000000.0,149818771.87066108,49939590.62355369,399.395906235537,62045,124.09,1738,0.028011926827302764,0.17374395089727912,0.0024137269455351876,0.7818544869751547,0.9999999292273087,0.0,0.0
709098,high_default,1000000.0,10000000.0,10.0,500,fl_rl,FedAvg (federated),"{'none': 321, 'medium': 128, 'high': 51}",3,30000000.0,152380772.05815673,50793590.68605224,407.93590686052244,61609,123.218,1878,0.030482559366326347,0.19507699163656794,0.002735519282547606,0.786258573433497,0.999999765802719,0.0,0.0
709098,none_default,5000000.0,50000000.0,10.0,500,rl,Isolated RL (non-federated),{'none': 500},3,150000000.0,386276490.7873368,128758830.26244561,157.5176605248912,129833,259.666,0,0.0,0.0,0.0,0.4894057077445904,0.9999998458870414,0.0,0.0
709098,none_default,5000000.0,50000000.0,10.0,500,fl_rl,FedAvg (federated),{'none': 500},3,150000000.0,381366346.7580933,127122115.5860311,154.2442311720622,128092,256.184,0,0.0,0.0,0.0,0.49646957028628197,0.999990735898463,0.0,0.0
