financier,apr_strategy,wholesaler_policy,final_wallet,initial_capital,final_capital,capital_change,capital_loss,capital_loss_rate,final_apr,final_utilization,loans_issued,closed_loans,defaults,default_count_rate,total_issued_principal,default_amount,default_amount_to_issued_rate,default_amount_to_initial_capital_rate,outstanding_loans,simulation_end_day,seed,default_scenario,capital_per_financier
Fin_rl_1,pure_rl,rl,5489919.516013145,1000000.0,5489919.516013798,4489919.516013798,0.0,0.0,6.0,0.0,2725,2725,0,0.0,90231653.82733418,0.0,0.0,0.0,0,4243,259901,none_default,1000000.0
Fin_rl_2,pure_rl,rl,4801881.324838605,1000000.0,4801881.324838577,3801881.324838577,0.0,0.0,6.0,0.0,2139,2139,0,0.0,73813836.13940914,0.0,0.0,0.0,0,4243,259901,none_default,1000000.0
Fin_rl_3,pure_rl,rl,6493448.086190242,1000000.0,6493448.086189905,5493448.086189905,0.0,0.0,10.0,0.0,3089,3089,0,0.0,106684873.84621258,0.0,0.0,0.0,0,4243,259901,none_default,1000000.0
Fin_fl_rl_1,pure_rl,fl_rl,5588051.35100982,1000000.0,5588051.351010146,4588051.351010146,0.0,0.0,6.0,0.0,2514,2514,0,0.0,85847944.37918457,0.0,0.0,0.0,0,4249,259901,none_default,1000000.0
Fin_fl_rl_2,pure_rl,fl_rl,5621731.343506176,1000000.0,5621731.343505535,4621731.343505535,0.0,0.0,6.0,0.0,2855,2855,0,0.0,92593662.76130705,0.0,0.0,0.0,0,4249,259901,none_default,1000000.0
Fin_fl_rl_3,pure_rl,fl_rl,6018744.348583662,1000000.0,6018744.348583349,5018744.348583349,0.0,0.0,10.0,0.0,2624,2624,0,0.0,93389764.47224158,0.0,0.0,0.0,0,4249,259901,none_default,1000000.0
Fin_rl_1,pure_rl,rl,5430597.998962952,1000000.0,5430597.998962668,4430597.998962668,0.0,0.0,6.0,0.0,2250,2250,43,0.01911111111111111,77498073.30153891,91859.02223878153,0.0011853071737843765,0.09185902223878153,0,4255,259901,low_default,1000000.0
Fin_rl_2,pure_rl,rl,5955254.31305046,1000000.0,5955254.3130504005,4955254.3130504005,0.0,0.0,6.0,0.0,2406,2406,94,0.03906899418121363,82589509.35230866,186074.9228448716,0.0022530091812401616,0.1860749228448716,0,4255,259901,low_default,1000000.0
Fin_rl_3,pure_rl,rl,4190234.5191108785,1000000.0,4190234.519111738,3190234.519111738,0.0,0.0,16.0,0.0,1728,1728,117,0.06770833333333333,57778238.371390045,249951.9330765024,0.004326056662888335,0.2499519330765024,0,4255,259901,low_default,1000000.0
Fin_fl_rl_1,pure_rl,fl_rl,4289136.321759253,1000000.0,4289136.321758828,3289136.321758828,0.0,0.0,6.0,0.0,1718,1718,25,0.014551804423748545,59751101.65292699,54909.26801248143,0.0009189666214261612,0.05490926801248143,0,4254,259901,low_default,1000000.0
Fin_fl_rl_2,pure_rl,fl_rl,3329261.9240912483,1000000.0,3329261.924090934,2329261.924090934,0.0,0.0,6.0,0.0,1591,1591,137,0.08610936517913262,54556955.87658608,301512.7018799443,0.005526567548270099,0.3015127018799443,0,4254,259901,low_default,1000000.0
Fin_fl_rl_3,pure_rl,fl_rl,7006755.331220867,1000000.0,7006755.331220166,6006755.331220166,0.0,0.0,16.0,0.0,3008,3008,12,0.003989361702127659,102030879.03670558,23231.72289360466,0.0002276930583460626,0.02323172289360466,0,4254,259901,low_default,1000000.0
Fin_rl_1,pure_rl,rl,3667341.4035975924,1000000.0,3667341.4035976073,2667341.4035976073,0.0,0.0,6.0,0.0,1523,1523,218,0.14313854235062376,52835306.72300933,457746.49794078193,0.0086636479719997,0.4577464979407819,0,4262,259901,medium_default,1000000.0
Fin_rl_2,pure_rl,rl,3396954.5160054923,1000000.0,3396954.5160056795,2396954.5160056795,0.0,0.0,7.0,0.0,1601,1601,102,0.0637101811367895,54990978.1472382,242317.64636810834,0.004406498202656143,0.24231764636810835,0,4262,259901,medium_default,1000000.0
Fin_rl_3,pure_rl,rl,6184589.784170946,1000000.0,6184589.784170119,5184589.784170119,0.0,0.0,16.0,0.0,2925,2925,54,0.018461538461538463,97776752.4257435,121008.22722369558,0.001237597120190663,0.12100822722369557,0,4262,259901,medium_default,1000000.0
Fin_fl_rl_1,pure_rl,fl_rl,4152409.540570728,1000000.0,4152409.540570603,3152409.540570603,0.0,0.0,6.0,0.0,2126,2126,65,0.03057384760112888,72448976.89680977,157673.67271854874,0.0021763409156643557,0.15767367271854874,0,4257,259901,medium_default,1000000.0
Fin_fl_rl_2,pure_rl,fl_rl,2639456.5526836957,1000000.0,2639456.552683728,1639456.5526837278,0.0,0.0,7.0,0.0,1521,1521,147,0.09664694280078895,51113284.60146784,305710.2830739084,0.005981033804764118,0.3057102830739084,0,4257,259901,medium_default,1000000.0
Fin_fl_rl_3,pure_rl,fl_rl,5845697.3193165865,1000000.0,5845697.319317301,4845697.319317301,0.0,0.0,16.0,0.0,2607,2607,35,0.013425393172228616,90682243.01683152,81086.49069594049,0.0008941826756633053,0.0810864906959405,0,4257,259901,medium_default,1000000.0
Fin_rl_1,pure_rl,rl,3089501.834362584,1000000.0,3089501.8343627215,2089501.8343627215,0.0,0.0,7.0,0.0,1160,1160,69,0.059482758620689656,41082804.50969745,210576.58875844433,0.005125662458334325,0.21057658875844432,0,4258,259901,high_default,1000000.0
Fin_rl_2,pure_rl,rl,4022857.911998355,1000000.0,4022857.911998259,3022857.911998259,0.0,0.0,6.0,0.0,1817,1817,128,0.07044578976334617,62135942.95270748,365617.9771176483,0.0058841623663122835,0.36561797711764826,0,4258,259901,high_default,1000000.0
Fin_rl_3,pure_rl,rl,5442726.341917467,1000000.0,5442726.34191762,4442726.34191762,0.0,0.0,7.0,0.0,2504,2504,67,0.026757188498402557,84715232.45055756,165096.9451053286,0.0019488460378325031,0.1650969451053286,0,4258,259901,high_default,1000000.0
Fin_fl_rl_1,pure_rl,fl_rl,3454443.4427569024,1000000.0,3454443.4427567525,2454443.4427567525,0.0,0.0,8.0,0.0,1358,1358,81,0.05964653902798233,47403859.34267508,227554.68964092736,0.004800341001688704,0.22755468964092737,0,4258,259901,high_default,1000000.0
Fin_fl_rl_2,pure_rl,fl_rl,3495396.11754188,1000000.0,3495396.117542038,2495396.117542038,0.0,0.0,6.0,0.0,1425,1425,157,0.11017543859649123,49392580.065221526,409528.1949458906,0.008291289793023973,0.4095281949458906,0,4258,259901,high_default,1000000.0
Fin_fl_rl_3,pure_rl,fl_rl,5745999.134649236,1000000.0,5745999.134648948,4745999.134648948,0.0,0.0,7.0,0.0,2410,2410,78,0.03236514522821577,81879096.68329358,219955.67712335597,0.002686347139052344,0.21995567712335598,0,4258,259901,high_default,1000000.0
Fin_rl_1,pure_rl,rl,7587563.1020208495,5000000.0,7587563.102020002,2587563.102020002,0.0,0.0,6.0,0.0,3405,3405,0,0.0,119518140.20833166,0.0,0.0,0.0,0,4241,259901,none_default,5000000.0
Fin_rl_2,pure_rl,rl,6733733.249154411,5000000.0,6733733.24915375,1733733.24915375,0.0,0.0,9.0,0.0,2390,2390,0,0.0,83532514.60962273,0.0,0.0,0.0,0,4241,259901,none_default,5000000.0
Fin_rl_3,pure_rl,rl,7874541.844835011,5000000.0,7874541.844834536,2874541.8448345363,0.0,0.0,10.0,0.0,4566,4566,0,0.0,159094048.11027533,0.0,0.0,0.0,0,4241,259901,none_default,5000000.0
Fin_fl_rl_1,pure_rl,fl_rl,9442839.727890821,5000000.0,9442839.727890888,4442839.727890888,0.0,0.0,6.0,0.0,4826,4826,0,0.0,168969642.00784543,0.0,0.0,0.0,0,4233,259901,none_default,5000000.0
Fin_fl_rl_2,pure_rl,fl_rl,6171961.27093364,5000000.0,6171961.270933542,1171961.2709335424,0.0,0.0,13.0,0.0,1190,1190,0,0.0,41186764.27638939,0.0,0.0,0.0,0,4233,259901,none_default,5000000.0
Fin_fl_rl_3,pure_rl,fl_rl,9117319.538393345,5000000.0,9117319.53839319,4117319.53839319,0.0,0.0,10.0,0.0,4356,4356,0,0.0,152103229.52536413,0.0,0.0,0.0,0,4233,259901,none_default,5000000.0
Fin_rl_1,pure_rl,rl,9640048.785161119,5000000.0,9640048.785161898,4640048.785161898,0.0,0.0,20.0,0.0,3124,3124,185,0.05921895006402049,108854619.93078339,337688.4744631284,0.0031021969915273413,0.06753769489262569,0,4257,259901,low_default,5000000.0
Fin_rl_2,pure_rl,rl,9946634.2207247,5000000.0,9946634.220722705,4946634.220722705,0.0,0.0,19.0,0.0,3209,3209,191,0.059520099719538797,112689569.11320236,370776.7754665366,0.0032902492962243257,0.07415535509330731,0,4257,259901,low_default,5000000.0
Fin_rl_3,pure_rl,rl,8488313.274254698,5000000.0,8488313.27425546,3488313.27425546,0.0,0.0,8.0,0.0,1830,1830,53,0.02896174863387978,64620332.82685404,118533.0743296354,0.001834299966347079,0.02370661486592708,0,4257,259901,low_default,5000000.0
Fin_fl_rl_1,pure_rl,fl_rl,6510371.808656833,5000000.0,6510371.808655851,1510371.8086558506,0.0,0.0,9.0,0.0,1029,1029,121,0.11758989310009718,35867216.122626275,208563.47126836673,0.005814877590591641,0.04171269425367335,0,4261,259901,low_default,5000000.0
Fin_fl_rl_2,pure_rl,fl_rl,9070049.596926011,5000000.0,9070049.596927635,4070049.5969276354,0.0,0.0,6.0,0.0,2281,2281,216,0.09469530907496712,79905195.08326717,449211.52062972623,0.005621806193722628,0.08984230412594525,0,4261,259901,low_default,5000000.0
Fin_fl_rl_3,pure_rl,fl_rl,14968589.314954886,5000000.0,14968589.314950716,9968589.314950716,0.0,0.0,8.0,0.0,4721,4721,97,0.020546494386782462,165797016.32567272,179765.4630746903,0.0010842502902560054,0.035953092614938065,0,4261,259901,low_default,5000000.0
Fin_rl_1,pure_rl,rl,8858860.783250282,5000000.0,8858860.783249548,3858860.7832495477,0.0,0.0,15.0,0.0,3034,3034,242,0.07976268951878708,106344694.37395415,522120.9702989805,0.004909703990149018,0.1044241940597961,0,4273,259901,medium_default,5000000.0
Fin_rl_2,pure_rl,rl,8529849.682730146,5000000.0,8529849.682726948,3529849.6827269476,0.0,0.0,17.0,0.0,2775,2775,307,0.11063063063063062,97103707.96485046,693991.9205474792,0.007146914727485895,0.13879838410949583,0,4273,259901,medium_default,5000000.0
Fin_rl_3,pure_rl,rl,8205009.101702486,5000000.0,8205009.101700294,3205009.101700294,0.0,0.0,27.0,0.0,1775,1775,56,0.031549295774647886,62382638.223497964,144068.0696308453,0.0023094257269898294,0.02881361392616906,0,4273,259901,medium_default,5000000.0
Fin_fl_rl_1,pure_rl,fl_rl,8819256.245485842,5000000.0,8819256.245488357,3819256.245488357,0.0,0.0,11.0,0.0,2574,2574,91,0.03535353535353535,89792561.82065447,239750.27105364716,0.002670046005954346,0.04795005421072943,0,4247,259901,medium_default,5000000.0
Fin_fl_rl_2,pure_rl,fl_rl,8139165.995712639,5000000.0,8139165.995712755,3139165.9957127552,0.0,0.0,17.0,0.0,2045,2045,128,0.06259168704156479,71320354.3786725,278816.7812947837,0.0039093577664297266,0.05576335625895674,0,4247,259901,medium_default,5000000.0
Fin_fl_rl_3,pure_rl,fl_rl,11068656.18107977,5000000.0,11068656.181075033,6068656.181075033,0.0,0.0,16.0,0.0,3429,3429,54,0.015748031496062992,119025324.56743254,125208.4738341497,0.0010519481823652928,0.02504169476682994,0,4247,259901,medium_default,5000000.0
Fin_rl_1,pure_rl,rl,8170049.211491935,5000000.0,8170049.211495843,3170049.211495843,0.0,0.0,14.0,0.0,2100,2100,130,0.06190476190476191,73685958.02242285,462153.52757419075,0.006271934843183502,0.09243070551483815,0,4250,259901,high_default,5000000.0
Fin_rl_2,pure_rl,rl,7966053.24478572,5000000.0,7966053.244787218,2966053.244787218,0.0,0.0,32.0,0.0,2179,2179,196,0.08994951812758147,76296104.04483312,544828.8666594567,0.007140978867535679,0.10896577333189135,0,4250,259901,high_default,5000000.0
Fin_rl_3,pure_rl,rl,8261698.145303801,5000000.0,8261698.145304116,3261698.1453041164,0.0,0.0,31.0,0.0,2006,2006,116,0.05782652043868395,70101591.89615487,331119.1695384766,0.004723418692530987,0.06622383390769532,0,4250,259901,high_default,5000000.0
Fin_fl_rl_1,pure_rl,fl_rl,7635377.566102775,5000000.0,7635377.5660996325,2635377.5660996325,0.0,0.0,19.0,0.0,1803,1803,135,0.07487520798668885,62977415.79292919,460245.26156295516,0.007308100146189697,0.09204905231259103,0,4254,259901,high_default,5000000.0
Fin_fl_rl_2,pure_rl,fl_rl,7291930.470813295,5000000.0,7291930.470813454,2291930.470813454,0.0,0.0,23.0,0.0,1945,1945,179,0.09203084832904884,68137708.37849829,494793.74215995235,0.007261672779064151,0.09895874843199047,0,4254,259901,high_default,5000000.0
Fin_fl_rl_3,pure_rl,fl_rl,9727055.700294595,5000000.0,9727055.700294515,4727055.700294515,0.0,0.0,18.0,0.0,2799,2799,105,0.03751339764201501,98702138.20582767,302096.99694143876,0.0030606935415265608,0.060419399388287755,0,4254,259901,high_default,5000000.0
Fin_rl_1,pure_rl,rl,11034441.604173351,10000000.0,11034441.604170827,1034441.6041708272,0.0,0.0,6.0,0.0,1269,1269,0,0.0,44641503.36579812,0.0,0.0,0.0,0,4247,259901,none_default,10000000.0
Fin_rl_2,pure_rl,rl,13852809.492141545,10000000.0,13852809.49213853,3852809.492138529,0.0,0.0,9.0,0.0,5914,5914,0,0.0,207332765.7638329,0.0,0.0,0.0,0,4247,259901,none_default,10000000.0
Fin_rl_3,pure_rl,rl,12189620.193767391,10000000.0,12189620.19376627,2189620.19376627,0.0,0.0,10.0,0.0,3210,3210,0,0.0,112231761.74849735,0.0,0.0,0.0,0,4247,259901,none_default,10000000.0
Fin_fl_rl_1,pure_rl,fl_rl,12726081.17333477,10000000.0,12726081.173335116,2726081.1733351164,0.0,0.0,12.0,0.0,2437,2437,0,0.0,86024343.41308118,0.0,0.0,0.0,0,4248,259901,none_default,10000000.0
Fin_fl_rl_2,pure_rl,fl_rl,12977256.81787787,10000000.0,12977256.81788055,2977256.8178805504,0.0,0.0,13.0,0.0,2514,2514,0,0.0,88064660.0069935,0.0,0.0,0.0,0,4248,259901,none_default,10000000.0
Fin_fl_rl_3,pure_rl,fl_rl,17635251.567188386,10000000.0,17635251.567191485,7635251.567191485,0.0,0.0,15.0,0.0,5394,5394,0,0.0,188755737.82921398,0.0,0.0,0.0,0,4248,259901,none_default,10000000.0
Fin_rl_1,pure_rl,rl,13974785.160117684,10000000.0,13974785.160117803,3974785.160117803,0.0,0.0,22.0,0.0,2367,2367,140,0.059146599070553446,82986164.76019852,288087.96600115113,0.003471518015486392,0.02880879660011511,0,4252,259901,low_default,10000000.0
Fin_rl_2,pure_rl,rl,13922386.539328225,10000000.0,13922386.539331207,3922386.539331207,0.0,0.0,19.0,0.0,2613,2613,261,0.09988518943742825,92096488.14674048,527562.5753499966,0.005728367997153302,0.05275625753499966,0,4252,259901,low_default,10000000.0
Fin_rl_3,pure_rl,rl,15074154.533950653,10000000.0,15074154.533940412,5074154.533940412,0.0,0.0,7.0,0.0,3024,3024,67,0.022156084656084655,105409091.06787196,146995.6310374917,0.0013945251737617446,0.01469956310374917,0,4252,259901,low_default,10000000.0
Fin_fl_rl_1,pure_rl,fl_rl,13359655.166561123,10000000.0,13359655.166566642,3359655.166566642,0.0,0.0,26.0,0.0,2381,2381,69,0.02897942041159177,82927434.24471152,143336.18639381143,0.0017284531675107544,0.014333618639381143,0,4233,259901,low_default,10000000.0
Fin_fl_rl_2,pure_rl,fl_rl,12103337.87037189,10000000.0,12103337.870374236,2103337.8703742363,0.0,0.0,22.0,0.0,1450,1450,87,0.06,51343339.37995693,198806.45191153357,0.0038720981983720033,0.019880645191153356,0,4233,259901,low_default,10000000.0
Fin_fl_rl_3,pure_rl,fl_rl,13273551.954899095,10000000.0,13273551.954906516,3273551.954906516,0.0,0.0,6.0,0.0,2021,2021,56,0.027709054923305294,70724877.37669793,126062.62660384802,0.0017824368352370237,0.012606262660384802,0,4233,259901,low_default,10000000.0
Fin_rl_1,pure_rl,rl,14561647.55701557,10000000.0,14561647.557024738,4561647.557024738,0.0,0.0,22.0,0.0,2758,2758,140,0.050761421319796954,97472636.55861473,338486.14938730234,0.003472627409475635,0.03384861493873023,0,4245,259901,medium_default,10000000.0
Fin_rl_2,pure_rl,rl,13138713.947941791,10000000.0,13138713.947949264,3138713.947949264,0.0,0.0,15.0,0.0,2148,2148,255,0.11871508379888268,75312514.5758005,581782.7047827807,0.007724914087116669,0.058178270478278074,0,4245,259901,medium_default,10000000.0
Fin_rl_3,pure_rl,rl,15434857.102264145,10000000.0,15434857.102258468,5434857.102258468,0.0,0.0,9.0,0.0,2938,2938,114,0.03880190605854323,103209132.40690832,282600.75838444155,0.0027381371376156015,0.028260075838444153,0,4245,259901,medium_default,10000000.0
Fin_fl_rl_1,pure_rl,fl_rl,13582079.736611916,10000000.0,13582079.73661939,3582079.7366193905,0.0,0.0,18.0,0.0,2379,2379,107,0.044976881042454814,82172880.26378885,283840.28075904795,0.0034541843957260916,0.028384028075904795,0,4256,259901,medium_default,10000000.0
Fin_fl_rl_2,pure_rl,fl_rl,13866623.373192808,10000000.0,13866623.373193203,3866623.3731932025,0.0,0.0,20.0,0.0,2846,2846,186,0.06535488404778636,100086950.99891466,402105.0978097681,0.004017557671570278,0.04021050978097681,0,4256,259901,medium_default,10000000.0
Fin_fl_rl_3,pure_rl,fl_rl,14610928.885325307,10000000.0,14610928.885315912,4610928.885315912,0.0,0.0,24.0,0.0,2733,2733,52,0.0190267105744603,95897253.51441872,118525.25322256096,0.0012359608735274153,0.011852525322256096,0,4256,259901,medium_default,10000000.0
Fin_rl_1,pure_rl,rl,14706309.977609545,10000000.0,14706309.977611154,4706309.977611154,0.0,0.0,23.0,0.0,2754,2754,103,0.0374001452432825,96355257.11043938,386944.8247458302,0.004015814355643576,0.03869448247458302,0,4239,259901,high_default,10000000.0
Fin_rl_2,pure_rl,rl,12037976.872630078,10000000.0,12037976.872623846,2037976.872623846,0.0,0.0,24.0,0.0,1138,1138,97,0.0852372583479789,39528774.03365927,239129.94838625652,0.006049515934459141,0.02391299483862565,0,4239,259901,high_default,10000000.0
Fin_rl_3,pure_rl,rl,13784300.900734248,10000000.0,13784300.90073244,3784300.900732441,0.0,0.0,25.0,0.0,2168,2168,124,0.05719557195571956,75603063.54329607,385760.0079514175,0.005102438841390362,0.03857600079514175,0,4239,259901,high_default,10000000.0
Fin_fl_rl_1,pure_rl,fl_rl,13296853.490841206,10000000.0,13296853.490839295,3296853.490839295,0.0,0.0,13.0,0.0,2102,2102,176,0.08372978116079924,73202277.61438976,611319.4512586297,0.008351098779725117,0.061131945125862966,0,4239,259901,high_default,10000000.0
Fin_fl_rl_2,pure_rl,fl_rl,10032441.029953977,10000000.0,10032441.02995463,32441.02995463088,0.0,0.0,26.0,0.0,190,190,87,0.45789473684210524,6625254.1779735405,204076.12703808895,0.030802761910111272,0.020407612703808895,0,4239,259901,high_default,10000000.0
Fin_fl_rl_3,pure_rl,fl_rl,17043314.394493137,10000000.0,17043314.394495144,7043314.3944951445,0.0,0.0,17.0,0.0,3818,3818,134,0.03509690937663698,133714859.95072678,384099.82141660026,0.0028725290633975836,0.038409982141660026,0,4239,259901,high_default,10000000.0
