"Source","PackagePath","SHA256","Bytes","Action"
"combine_and_retest_significance.py","code_and_results/combine_and_retest_significance.py","8A9B5D02F51EBD2CDA47EEED78EB1EA8C783A3814E28385C3122E19F211B5964","8630","unchanged"
"compute_significance.py","code_and_results/compute_significance.py","FFF39F1512E082DD59AA87424D5E0BF27A40D8ABB29033B3563D407D6F6ACAE2","5416","unchanged"
"convergence_analysis.py","code_and_results/convergence_analysis.py","50CBC41273B5357DF20D6881EBDA844437C523C271210B5ED93E7BD651E5CE54","14879","unchanged"
"egt_apr_simulation.py","code_and_results/egt_apr_simulation.py","E13FC36B7B9A312781A937579C59AFC8A127E12BA11BE887D682F335FAD0AAF0","107752","unchanged"
"fedavg_fedprox_scaffold_experiment.py","code_and_results/fedavg_fedprox_scaffold_experiment.py","BD8623F8D033758EE22A4727CF1225D960C4C59FF8BFE7854F5EE870F8B26209","12765","unchanged"
"federated_comparison_common.py","code_and_results/federated_comparison_common.py","4DCA3FF49B56FEB2F88B0840C8F6910BE15FC9046AC66558C80EA41B3C513FA5","19178","unchanged"
"noniid_sensitivity_50_borrowers.py","code_and_results/noniid_sensitivity_50_borrowers.py","D462A1BA2A5D4C4EA2A72B69790FF16900DE8E8B0C4E2CB623B38EC965425863","20269","unchanged"
"run_exp.py","code_and_results/run_exp.py","B4B785641362C3DA74436B25DC593522DA3E05711105CF42BC39D167F6AE5EBB","26664","unchanged"
"run_multiple_capitals.py","code_and_results/run_multiple_capitals.py","0C13A637AEF5CEEBDFBADCF07FC815821C1F8AE968E7DA7BB2B7FD2FA7071F24","26663","unchanged"
"run_optimize_weights_rl.py","code_and_results/run_optimize_weights_rl.py","CD6A7D5C040E3F732CF0A149AC8EF8A27194E66F1991334CC8AE707A69794B45","17335","unchanged"
"scaffold_sensitivity_50_borrowers.py","code_and_results/scaffold_sensitivity_50_borrowers.py","E39883287D13F5847168F0BC880F7427FE9C18F59D368253838AF4105FF26F41","15084","unchanged"
"stage_a_extra_seeds.py","code_and_results/stage_a_extra_seeds.py","1B89B32CCFB09B24AF4C1DE42E68E9E2E26F9367594F2166C8636EE4590C2761","4355","unchanged"
"stage_b_fedavg_fedprox_scaffold.py","code_and_results/stage_b_fedavg_fedprox_scaffold.py","F2F89D516B94CDE77110DD8D41E61A94D5A6A840C4140F7E363B7926F2B930EA","1555","unchanged"
"stage_b2_visitweighted_comparison.py","code_and_results/stage_b2_visitweighted_comparison.py","D579909FC1DE3EAF3BD7F95D88D6BD75483AD031736ED3060411447BCDA06074","2132","unchanged"
"stage_b3_extra_seeds.py","code_and_results/stage_b3_extra_seeds.py","6842AFB8330F59F0641032C6AD78D04D49ADB94F683A1DA66D75C6B5515DD38D","5343","unchanged"
"stage_b3_scaffold_lr025_comparison.py","code_and_results/stage_b3_scaffold_lr025_comparison.py","A9ABC659D6D51E890DE1A8A8BA2ED94ABF952252B11C41059F49FC44ADC59443","4799","unchanged"
"stage1_full_strategy_comparison.py","code_and_results/stage1_full_strategy_comparison.py","E3BA3EFE9FEB5F2BB636AE26E42A23FA007898C732AB7D24A3ECFA547A21DA4C","16975","unchanged"
"rl_optimization\rl_borrower_opt\BORROWER_RL_OPTIMIZATION_DESIGN.md","code_and_results/rl_optimization\rl_borrower_opt\BORROWER_RL_OPTIMIZATION_DESIGN.md","E973EFA876E72C025C2492EAC2F1419794823A1CBB285F5808844A710F99EA70","3178","unchanged"
"rl_optimization\rl_borrower_opt\borrower_rl_parameter_optimization_report.txt","code_and_results/rl_optimization\rl_borrower_opt\borrower_rl_parameter_optimization_report.txt","F155AE79EEB4F5103E33AFC493FFD186A61A51E56367093B274A7BDB2DBFB6AE","818","unchanged"
"rl_optimization\rl_borrower_opt\borrower_rl_parameter_optimization_results.xlsx","code_and_results/rl_optimization\rl_borrower_opt\borrower_rl_parameter_optimization_results.xlsx","5136623C99059329696157CFF588F1AD020ECAEDACCBE74B75952526B78229EE","4296992","unchanged"
"rl_optimization\rl_borrower_opt\run_borrower_rl_parameter_optimization.py","code_and_results/rl_optimization\rl_borrower_opt\run_borrower_rl_parameter_optimization.py","837F6CFCE675F0D92F8C6A721DA56DD0516E08E879CC8CF1CE76AA27B4899ADF","19121","unchanged"
"rl_optimization\rl_fin\fin_rl_apr_grid_optimization_report.txt","code_and_results/rl_optimization\rl_fin\fin_rl_apr_grid_optimization_report.txt","D194D6B4C99DE18E992615C55360477EBDF45B2D7BB1BF0D74B88B92761F5619","1857","unchanged"
"rl_optimization\rl_fin\fin_rl_apr_grid_optimization_results.xlsx","code_and_results/rl_optimization\rl_fin\fin_rl_apr_grid_optimization_results.xlsx","AF4ACAA0368B6E1D7F1677CD10421E6118F151A3E2D00726DFF8D5286F3788FE","136316","unchanged"
"rl_optimization\rl_fin\fin_rl_parameter_optimization_report.txt","code_and_results/rl_optimization\rl_fin\fin_rl_parameter_optimization_report.txt","E5FAE91E461A044A813016F2AD8D3868DF2592891375C92511351ABD57C0DEC7","687","unchanged"
"rl_optimization\rl_fin\fin_rl_parameter_optimization_results.xlsx","code_and_results/rl_optimization\rl_fin\fin_rl_parameter_optimization_results.xlsx","C6B39CA874DCD7D1D3F5CA837B19C01F65F36B0A6B6E0B09D962B352BCA44E7A","2609079","unchanged"
"rl_optimization\rl_fin\run_fin_rl_apr_grid_optimization.py","code_and_results/rl_optimization\rl_fin\run_fin_rl_apr_grid_optimization.py","A9A194ACAC7E9EA559DBBA888F5446ECBFF5A7E17EDFA6AA8C409EAA92631170","15151","unchanged"
"rl_optimization\rl_fin\run_fin_rl_parameter_optimization.py","code_and_results/rl_optimization\rl_fin\run_fin_rl_parameter_optimization.py","C5014F149DDF120AA73A405938FB8DE5351A14623FA4B62F481D99E63239EA00","16854","unchanged"
"checked_results_20260816\stage_a_isolated_vs_federated\stage_a_raw_summary.csv","code_and_results/checked_results_20260816\stage_a_isolated_vs_federated\stage_a_raw_summary.csv","D26729951E67D2A3FB9BEEAD2A80A5858EBC06961F27AFBDC983B4287AB841FD","51937","unchanged"
"checked_results_20260816\stage_a_isolated_vs_federated\stage_a_report.txt","code_and_results/checked_results_20260816\stage_a_isolated_vs_federated\stage_a_report.txt","D59723C7CB79B9DC4BC3152C74CA9F7697491DF3BDA964F4FE32B0EED33F4A93","5927","unchanged"
"checked_results_20260816\stage_a_isolated_vs_federated\stage_a_results.xlsx","code_and_results/checked_results_20260816\stage_a_isolated_vs_federated\stage_a_results.xlsx","ABD8F73CA15F28F3A681093FBF1748084331316767926A097877B256F43ABBC2","50214","unchanged"
"checked_results_20260816\stage_b_fedavg_fedprox_scaffold\stage_b_raw_summary.csv","code_and_results/checked_results_20260816\stage_b_fedavg_fedprox_scaffold\stage_b_raw_summary.csv","95BF811416D81C5F26B858C50C1CAB975EB5BB8091D8CBF03432A09412EA28B1","81753","unchanged"
"checked_results_20260816\stage_b_fedavg_fedprox_scaffold\stage_b_report.txt","code_and_results/checked_results_20260816\stage_b_fedavg_fedprox_scaffold\stage_b_report.txt","3C6A9CDA11447AFA573A75D0B06FD51ACB3642386ED8AE283B6BD933FA3851C9","8187","unchanged"
"checked_results_20260816\stage_b_fedavg_fedprox_scaffold\stage_b_results.xlsx","code_and_results/checked_results_20260816\stage_b_fedavg_fedprox_scaffold\stage_b_results.xlsx","A0780ABCCCE3627DBAD5F38322454C53D74DF3D53F81C7F8B5C6FDB17A6B5715","72434","unchanged"
"checked_results_20260816\stage_c_fixed_2000d_scalability\stage_c_fixed_2000d_financier_raw.csv","code_and_results/checked_results_20260816\stage_c_fixed_2000d_scalability\stage_c_fixed_2000d_financier_raw.csv","9CC4E5B272CF0B00FB63B55C9C37541769E82F3BDA90E83977C2349216377AB3","294660","unchanged"
"checked_results_20260816\stage_c_fixed_2000d_scalability\stage_c_fixed_2000d_report.txt","code_and_results/checked_results_20260816\stage_c_fixed_2000d_scalability\stage_c_fixed_2000d_report.txt","DE8D6DE43266342FCEF19B69D599B3F86CC89675BE83D2A06E722F6873F1ED9D","4170","unchanged"
"checked_results_20260816\stage_c_fixed_2000d_scalability\stage_c_fixed_2000d_results.xlsx","code_and_results/checked_results_20260816\stage_c_fixed_2000d_scalability\stage_c_fixed_2000d_results.xlsx","41733825E6E6628C1565BDAFF1082A0176F9DD78399B2327F34BD8868B02FA1E","242397","unchanged"
"checked_results_20260816\stage_c_fixed_2000d_scalability\stage_c_fixed_2000d_run_summary.csv","code_and_results/checked_results_20260816\stage_c_fixed_2000d_scalability\stage_c_fixed_2000d_run_summary.csv","62A2465BC4D552CF482D819447F57E6C8BF1ACC2CE5D247B9FC50C99924149AB","108543","unchanged"
"checked_results_20260816\stage_d_proportional_results_checked_20260816\stage_d_proportional_financier_raw.csv","code_and_results/checked_results_20260816\stage_d_proportional_results_checked_20260816\stage_d_proportional_financier_raw.csv","CBFCE8FB9C4B784EBC458AF6C0FE2A7A3F1917545D2920BC32960C1565145559","191152","unchanged"
"checked_results_20260816\stage_d_proportional_results_checked_20260816\stage_d_proportional_report.txt","code_and_results/checked_results_20260816\stage_d_proportional_results_checked_20260816\stage_d_proportional_report.txt","073FC40B40F27E08F0699BFB569859B2CD606DFF435C4D16FD59C34F5E6A516A","2102","unchanged"
"checked_results_20260816\stage_d_proportional_results_checked_20260816\stage_d_proportional_results.xlsx","code_and_results/checked_results_20260816\stage_d_proportional_results_checked_20260816\stage_d_proportional_results.xlsx","97EE11B044D71B6E81FAE49A7CBE22515270713A3F4AEFEA5C13EE98F3EA27C3","161951","unchanged"
"checked_results_20260816\stage_d_proportional_results_checked_20260816\stage_d_proportional_run_summary.csv","code_and_results/checked_results_20260816\stage_d_proportional_results_checked_20260816\stage_d_proportional_run_summary.csv","9F6C9CF478E63D8E3D355B15AF1760CC8460EAAFA52CDF673251740F3F3D8B94","66268","unchanged"
"checked_results_20260816\simulation_results_for_reviewers\multiple_capitals_report.txt","code_and_results/checked_results_20260816\simulation_results_for_reviewers\multiple_capitals_report.txt","8BAA9838017121A8B8CD58739F52A103A308A7C44686B03F78CCF5271F88B16A","315691","unchanged"
"checked_results_20260816\simulation_results_for_reviewers\README.md","code_and_results/checked_results_20260816\simulation_results_for_reviewers\README.md","5C9B9673148D738E6BFD43ABC03D3961BE19B19BADD008472650F04F07B396D4","1325","unchanged"
"checked_results_20260816\simulation_results_for_reviewers\summary_across_capitals_seed_averaged.xlsx","code_and_results/checked_results_20260816\simulation_results_for_reviewers\summary_across_capitals_seed_averaged.xlsx","5B3A47FE7629E5D19213C3277C76009AD6861A9A823D05B36B2A382644809C6B","26156","unchanged"
"checked_results_20260816\simulation_results_for_reviewers\summary_across_capitals.xlsx","code_and_results/checked_results_20260816\simulation_results_for_reviewers\summary_across_capitals.xlsx","C115120FC2FD873A46AA21B0816890653FCA09FDB2CE62A647DC4F19BB34F039","17152","unchanged"
"checked_results_20260816\simulation_results_for_reviewers\stage_a_isolated_vs_federated\stage_a_report.txt","code_and_results/checked_results_20260816\simulation_results_for_reviewers\stage_a_isolated_vs_federated\stage_a_report.txt","D59723C7CB79B9DC4BC3152C74CA9F7697491DF3BDA964F4FE32B0EED33F4A93","5927","unchanged"
"checked_results_20260816\simulation_results_for_reviewers\stage_a_isolated_vs_federated\stage_a_results.xlsx","code_and_results/checked_results_20260816\simulation_results_for_reviewers\stage_a_isolated_vs_federated\stage_a_results.xlsx","ABD8F73CA15F28F3A681093FBF1748084331316767926A097877B256F43ABBC2","50214","unchanged"
"checked_results_20260816\simulation_results_for_reviewers\stage_b_fedavg_fedprox_scaffold\stage_b_report.txt","code_and_results/checked_results_20260816\simulation_results_for_reviewers\stage_b_fedavg_fedprox_scaffold\stage_b_report.txt","3C6A9CDA11447AFA573A75D0B06FD51ACB3642386ED8AE283B6BD933FA3851C9","8187","unchanged"
"checked_results_20260816\simulation_results_for_reviewers\stage_b_fedavg_fedprox_scaffold\stage_b_results.xlsx","code_and_results/checked_results_20260816\simulation_results_for_reviewers\stage_b_fedavg_fedprox_scaffold\stage_b_results.xlsx","A0780ABCCCE3627DBAD5F38322454C53D74DF3D53F81C7F8B5C6FDB17A6B5715","72434","unchanged"
"stage_a_extra_seeds\seed_100237\stage_a_extra_seed100237_raw_summary.csv","code_and_results/stage_a_extra_seeds\seed_100237\stage_a_extra_seed100237_raw_summary.csv","A1DFC383227801455B69A3076608ADC11BB3153F2463492A7D1F258F5536EA29","17590","unchanged"
"stage_a_extra_seeds\seed_100237\stage_a_extra_seed100237_report.txt","code_and_results/stage_a_extra_seeds\seed_100237\stage_a_extra_seed100237_report.txt","05E0B0BBF04A1839F66FA0D46FCAC44FCD91CBAC1EA10072FFE817A1221ABD5F","5726","unchanged"
"stage_a_extra_seeds\seed_100237\stage_a_extra_seed100237_results.xlsx","code_and_results/stage_a_extra_seeds\seed_100237\stage_a_extra_seed100237_results.xlsx","90106B1E320D4A372E445B7514020E40EA91315EF508D0C4C5FEB2FDB4B04192","25778","unchanged"
"stage_a_extra_seeds\seed_148832\stage_a_extra_seed148832_raw_summary.csv","code_and_results/stage_a_extra_seeds\seed_148832\stage_a_extra_seed148832_raw_summary.csv","3C3F2A6CCE77DFAD1C62FD3883179A0508CE481F04D3FEE631438A9FEF68C7AF","17590","unchanged"
"stage_a_extra_seeds\seed_148832\stage_a_extra_seed148832_report.txt","code_and_results/stage_a_extra_seeds\seed_148832\stage_a_extra_seed148832_report.txt","69182110ADAB635787136B2E52D98A3D52326720692A4DC0B6E795BC1526850E","5726","unchanged"
"stage_a_extra_seeds\seed_148832\stage_a_extra_seed148832_results.xlsx","code_and_results/stage_a_extra_seeds\seed_148832\stage_a_extra_seed148832_results.xlsx","A47F6F486E2C2B7A542E00CAFC74501263926BCC3AF5021B29BCF8CE8B337798","25830","unchanged"
"stage_a_extra_seeds\seed_205617\stage_a_extra_seed205617_raw_summary.csv","code_and_results/stage_a_extra_seeds\seed_205617\stage_a_extra_seed205617_raw_summary.csv","538F94921792881E2557448C001C4341C4A63980AEFB14BB36B74CC1CA27762D","17590","unchanged"
"stage_a_extra_seeds\seed_205617\stage_a_extra_seed205617_report.txt","code_and_results/stage_a_extra_seeds\seed_205617\stage_a_extra_seed205617_report.txt","943F2696856049252D36E602FC3348446B87AF2BC32E3784C7204FE2059425F7","5726","unchanged"
"stage_a_extra_seeds\seed_205617\stage_a_extra_seed205617_results.xlsx","code_and_results/stage_a_extra_seeds\seed_205617\stage_a_extra_seed205617_results.xlsx","91364B9DFC90F1F4C011E06E1150F16643626196F54ED74FF4EA40ABFE8F6853","25787","unchanged"
"stage_a_extra_seeds\seed_259901\stage_a_extra_seed259901_raw_summary.csv","code_and_results/stage_a_extra_seeds\seed_259901\stage_a_extra_seed259901_raw_summary.csv","8D40ED8ACA17FD8B67EA2FD4CC27982A18564483227271CA8FC97071663990E5","17581","unchanged"
"stage_a_extra_seeds\seed_259901\stage_a_extra_seed259901_report.txt","code_and_results/stage_a_extra_seeds\seed_259901\stage_a_extra_seed259901_report.txt","1E472AAC6AD40F296EA128A3A69B4D09C28E971D431C5CC8913FDF75B2193C6D","5726","unchanged"
"stage_a_extra_seeds\seed_259901\stage_a_extra_seed259901_results.xlsx","code_and_results/stage_a_extra_seeds\seed_259901\stage_a_extra_seed259901_results.xlsx","827A9DEB2B9A137C318F96FD66E317C5791CC985C78E3730DCBF11708B7F52DB","25801","unchanged"
"stage_a_extra_seeds\seed_314159\stage_a_extra_seed314159_raw_summary.csv","code_and_results/stage_a_extra_seeds\seed_314159\stage_a_extra_seed314159_raw_summary.csv","86CCACA753DB26FD15D4A6A174ECD342E6B595B4CBCB9D7459B7EA4307C47136","17558","unchanged"
"stage_a_extra_seeds\seed_314159\stage_a_extra_seed314159_report.txt","code_and_results/stage_a_extra_seeds\seed_314159\stage_a_extra_seed314159_report.txt","F13FD8FDBC7E66A5D294E322FE4DD28137DFAE02E57538BFE972BB431C2B74F6","5726","unchanged"
"stage_a_extra_seeds\seed_314159\stage_a_extra_seed314159_results.xlsx","code_and_results/stage_a_extra_seeds\seed_314159\stage_a_extra_seed314159_results.xlsx","E57E5FF76D3AA2470141DDCB2D808F13AD3641B324E8DB6E9A29FBBB3AFFCE55","25736","unchanged"
"stage_a_extra_seeds\seed_371828\stage_a_extra_seed371828_raw_summary.csv","code_and_results/stage_a_extra_seeds\seed_371828\stage_a_extra_seed371828_raw_summary.csv","31F5AAC50EB27A86A0B1EFC03144CAFD83DEBF0E99114C05AB6B861EDB688B4D","17609","unchanged"
"stage_a_extra_seeds\seed_371828\stage_a_extra_seed371828_report.txt","code_and_results/stage_a_extra_seeds\seed_371828\stage_a_extra_seed371828_report.txt","B177149EABFBB9463E8FF45A97BEBADF96E56F717BEA9E7B85CDD88A6A39FAB4","5726","unchanged"
"stage_a_extra_seeds\seed_371828\stage_a_extra_seed371828_results.xlsx","code_and_results/stage_a_extra_seeds\seed_371828\stage_a_extra_seed371828_results.xlsx","0210EF022F9E4898AB5C33C76ACFFF347819194549E29C928F0719868EE95333","25753","unchanged"
"stage_a_extra_seeds\seed_426404\stage_a_extra_seed426404_raw_summary.csv","code_and_results/stage_a_extra_seeds\seed_426404\stage_a_extra_seed426404_raw_summary.csv","0657C19AF4C940999684AE4808D075A61F3213966D42821BCCFC69D3E2A595A5","17592","unchanged"
"stage_a_extra_seeds\seed_426404\stage_a_extra_seed426404_report.txt","code_and_results/stage_a_extra_seeds\seed_426404\stage_a_extra_seed426404_report.txt","942285388E6FDF55F34FEC7BAB7C91BBAA6CD82A176BAB9FBC076AF2DF8345BA","5726","unchanged"
"stage_a_extra_seeds\seed_426404\stage_a_extra_seed426404_results.xlsx","code_and_results/stage_a_extra_seeds\seed_426404\stage_a_extra_seed426404_results.xlsx","C6D109D259EA8223A1B43E6D34E262790E5837BC1912E0DC76004977AA76326A","25765","unchanged"
"stage_a_extra_seeds\seed_482321\stage_a_extra_seed482321_raw_summary.csv","code_and_results/stage_a_extra_seeds\seed_482321\stage_a_extra_seed482321_raw_summary.csv","AA9644EBDD0C17D875F2EF5C16370C6AC88713E8C5C0AFE79BE093268B7DBF51","17577","unchanged"
"stage_a_extra_seeds\seed_482321\stage_a_extra_seed482321_report.txt","code_and_results/stage_a_extra_seeds\seed_482321\stage_a_extra_seed482321_report.txt","5661591A0A772EEB5513C9A6F95829F66FAC24E79DABEED7277CC4EBFC5995FA","5726","unchanged"
"stage_a_extra_seeds\seed_482321\stage_a_extra_seed482321_results.xlsx","code_and_results/stage_a_extra_seeds\seed_482321\stage_a_extra_seed482321_results.xlsx","CC35780632D98471B27FA9706395992728CF8BC5DE1528E46DFA8EB7685F9414","25829","unchanged"
"stage_a_extra_seeds\seed_538907\stage_a_extra_seed538907_raw_summary.csv","code_and_results/stage_a_extra_seeds\seed_538907\stage_a_extra_seed538907_raw_summary.csv","4AD22F8A0FD4C77506729AA166920A2F575C6645776774720D4DCB0E5916EB34","17558","unchanged"
"stage_a_extra_seeds\seed_538907\stage_a_extra_seed538907_report.txt","code_and_results/stage_a_extra_seeds\seed_538907\stage_a_extra_seed538907_report.txt","4298A95F47578719B53907BBDAD1064F73A8282B0E56CA8F26442BD514983790","5726","unchanged"
"stage_a_extra_seeds\seed_538907\stage_a_extra_seed538907_results.xlsx","code_and_results/stage_a_extra_seeds\seed_538907\stage_a_extra_seed538907_results.xlsx","2149E36500940F2E2AA91DDB9EE51DABCA5F3F64437451A9735984C3024C2E24","25805","unchanged"
"stage_a_extra_seeds\seed_591237\stage_a_extra_seed591237_raw_summary.csv","code_and_results/stage_a_extra_seeds\seed_591237\stage_a_extra_seed591237_raw_summary.csv","3784473C6C0C4E4FEF4DC2FF5492DAEEC73752AA52B4A99B82A41F1E78531091","17599","unchanged"
"stage_a_extra_seeds\seed_591237\stage_a_extra_seed591237_report.txt","code_and_results/stage_a_extra_seeds\seed_591237\stage_a_extra_seed591237_report.txt","A6AE90B52251E9B55BB6825930CBCE5124261EAC73A7A582A387238C49AF1EF0","5726","unchanged"
"stage_a_extra_seeds\seed_591237\stage_a_extra_seed591237_results.xlsx","code_and_results/stage_a_extra_seeds\seed_591237\stage_a_extra_seed591237_results.xlsx","7710C83BA060F995668D9492CBB5417589F188C47A5FBCA92C6D7EF3C0A700CC","25809","unchanged"
"stage_a_extra_seeds\seed_647701\stage_a_extra_seed647701_raw_summary.csv","code_and_results/stage_a_extra_seeds\seed_647701\stage_a_extra_seed647701_raw_summary.csv","478652231A3DA207A17AC260648099B5E48A6A244A57E22470C5168C58FA4524","17595","unchanged"
"stage_a_extra_seeds\seed_647701\stage_a_extra_seed647701_report.txt","code_and_results/stage_a_extra_seeds\seed_647701\stage_a_extra_seed647701_report.txt","C1619CBCA5ECADFB21DBFB9DDC5B4C93BC2405C908D00FBD822CFADD9E1E959B","5726","unchanged"
"stage_a_extra_seeds\seed_647701\stage_a_extra_seed647701_results.xlsx","code_and_results/stage_a_extra_seeds\seed_647701\stage_a_extra_seed647701_results.xlsx","512CB451440F7F3BD74A661F2556D004826A1E19B66784ED852458E88E791617","25779","unchanged"
"stage_a_extra_seeds\seed_703909\stage_a_extra_seed703909_raw_summary.csv","code_and_results/stage_a_extra_seeds\seed_703909\stage_a_extra_seed703909_raw_summary.csv","41ABA2BA6AF48EA3BC2F5F4A4957F12B8C82AAD5EA14A72782B4E6A7F23ECC9C","17567","unchanged"
"stage_a_extra_seeds\seed_703909\stage_a_extra_seed703909_report.txt","code_and_results/stage_a_extra_seeds\seed_703909\stage_a_extra_seed703909_report.txt","18BCED70AA4E43EEB8B09AE8949C320AC9318B424DB42EBE0EC7D6751EC880BF","5726","unchanged"
"stage_a_extra_seeds\seed_703909\stage_a_extra_seed703909_results.xlsx","code_and_results/stage_a_extra_seeds\seed_703909\stage_a_extra_seed703909_results.xlsx","961BAA01BECF9F5DAC9603E0982E22C64B52D06F7CBF8D5B2CE785A935C61129","25770","unchanged"
"stage_a_extra_seeds\seed_758243\stage_a_extra_seed758243_raw_summary.csv","code_and_results/stage_a_extra_seeds\seed_758243\stage_a_extra_seed758243_raw_summary.csv","62E17C4A4234C2DA8602A4328888862DFC904E4C68B325F1592A5468BD83E700","17584","unchanged"
"stage_a_extra_seeds\seed_758243\stage_a_extra_seed758243_report.txt","code_and_results/stage_a_extra_seeds\seed_758243\stage_a_extra_seed758243_report.txt","2DBC43B50D9E0420C9E29EEA885245DEDEF7107CE9846288D415C4254D4E66E2","5726","unchanged"
"stage_a_extra_seeds\seed_758243\stage_a_extra_seed758243_results.xlsx","code_and_results/stage_a_extra_seeds\seed_758243\stage_a_extra_seed758243_results.xlsx","46ECC6570B8F1C86A70FEEA4FEE4F44141921FB706CAF8239BFDE047BFE3A545","25816","unchanged"
"stage_a_extra_seeds\seed_812077\stage_a_extra_seed812077_raw_summary.csv","code_and_results/stage_a_extra_seeds\seed_812077\stage_a_extra_seed812077_raw_summary.csv","3CED28DB70038ABE84A16A065230A84CAD429C15BEB37AE2FB453CB4B269CDC1","17551","unchanged"
"stage_a_extra_seeds\seed_812077\stage_a_extra_seed812077_report.txt","code_and_results/stage_a_extra_seeds\seed_812077\stage_a_extra_seed812077_report.txt","7310C6755662419EFBE7C1FD855D29A0ECA3991D724D76909B036EB483D85CB9","5726","unchanged"
"stage_a_extra_seeds\seed_812077\stage_a_extra_seed812077_results.xlsx","code_and_results/stage_a_extra_seeds\seed_812077\stage_a_extra_seed812077_results.xlsx","07ED537AB1CA56CF7EE1FB4670DA4AEA2C131138EC81A703F8789200C90DFDAB","25772","unchanged"
"stage_b3_scaffold_lr025_comparison\stage_b3_raw_summary.csv","code_and_results/stage_b3_scaffold_lr025_comparison\stage_b3_raw_summary.csv","579BE773F5CC94F7E721A1D2CD9E528E31BEAF9B2F0A4527DF220D315314BD77","81756","unchanged"
"stage_b3_scaffold_lr025_comparison\stage_b3_report.txt","code_and_results/stage_b3_scaffold_lr025_comparison\stage_b3_report.txt","ABA2F0734AFA715B10BC1CA7440A0D4B1B3FC4E5494D903B0F4863CFA85BE661","7942","unchanged"
"stage_b3_scaffold_lr025_comparison\stage_b3_results.xlsx","code_and_results/stage_b3_scaffold_lr025_comparison\stage_b3_results.xlsx","706FFBACE00BC9F16BAE473C7C337764FE1CE489E6B630B3FF95E2E8A160BEEA","72457","unchanged"
"stage_b3_scaffold_lr025_comparison\stage_b3_stressed_only_report.txt","code_and_results/stage_b3_scaffold_lr025_comparison\stage_b3_stressed_only_report.txt","175B8FCB90C03BFDA6FD5BED088A9C6FDC04491185E5451EA3BC63645C4FA1F1","1827","unchanged"
"stage_b3_extra_seeds\seed_100237\stage_b3_extra_seed100237_raw_summary.csv","code_and_results/stage_b3_extra_seeds\seed_100237\stage_b3_extra_seed100237_raw_summary.csv","199C42B9190D48066B50BA8BDD386B7F15914476BE6429A32193D5614DA85FA9","27506","unchanged"
"stage_b3_extra_seeds\seed_100237\stage_b3_extra_seed100237_report.txt","code_and_results/stage_b3_extra_seeds\seed_100237\stage_b3_extra_seed100237_report.txt","9A53F4C5127FEDD7E0D7E7EFA35EEC0AC61AFE7458020B4BF3669E5FEC2952A1","7959","unchanged"
"stage_b3_extra_seeds\seed_148832\stage_b3_extra_seed148832_raw_summary.csv","code_and_results/stage_b3_extra_seeds\seed_148832\stage_b3_extra_seed148832_raw_summary.csv","DF441D2765D62B146DCB2F4FA72D6FEA35FF2B25AA8ED7E69402C3E894D4E1DB","27484","unchanged"
"stage_b3_extra_seeds\seed_148832\stage_b3_extra_seed148832_report.txt","code_and_results/stage_b3_extra_seeds\seed_148832\stage_b3_extra_seed148832_report.txt","EC254DD8E28285A1E9191CD6EFD88AAACE3F96D3D88B2B0FFFBA5932BEB1E4F5","7959","unchanged"
"stage_b3_extra_seeds\seed_205617\stage_b3_extra_seed205617_raw_summary.csv","code_and_results/stage_b3_extra_seeds\seed_205617\stage_b3_extra_seed205617_raw_summary.csv","0996AFD31CEF065446A7D5C58905191DCE7C3E9BF705568B0DD0A2717203AF21","27545","unchanged"
"stage_b3_extra_seeds\seed_205617\stage_b3_extra_seed205617_report.txt","code_and_results/stage_b3_extra_seeds\seed_205617\stage_b3_extra_seed205617_report.txt","0393CEB2B0ED4B23121E2E7235D86EE12A39B54273AC706AC7ADFC76790B25CC","7959","unchanged"
"stage_b3_extra_seeds\seed_259901\stage_b3_extra_seed259901_raw_summary.csv","code_and_results/stage_b3_extra_seeds\seed_259901\stage_b3_extra_seed259901_raw_summary.csv","2F10E9363858EC9F94CB526CB00FDC7BFDC6342DCE7DD485E60CBF00484250DA","27519","unchanged"
"stage_b3_extra_seeds\seed_259901\stage_b3_extra_seed259901_report.txt","code_and_results/stage_b3_extra_seeds\seed_259901\stage_b3_extra_seed259901_report.txt","18F58D8661AB36B7D05DE6CB3FCE628431DBD4805600BE5559839CAF96C6C767","7959","unchanged"
"stage_b3_extra_seeds\seed_314159\stage_b3_extra_seed314159_raw_summary.csv","code_and_results/stage_b3_extra_seeds\seed_314159\stage_b3_extra_seed314159_raw_summary.csv","A5476807E14E2B9466B3AD3A179AD444DD5D632E007F6D93682B02136598EA8B","27459","unchanged"
"stage_b3_extra_seeds\seed_314159\stage_b3_extra_seed314159_report.txt","code_and_results/stage_b3_extra_seeds\seed_314159\stage_b3_extra_seed314159_report.txt","9C6CB2A77F4EB787EA4D24922C276537459EB3A93BB74FFE98168EE51FF08AEC","7959","unchanged"
"stage_b3_extra_seeds\seed_371828\stage_b3_extra_seed371828_raw_summary.csv","code_and_results/stage_b3_extra_seeds\seed_371828\stage_b3_extra_seed371828_raw_summary.csv","1DE2B0DE717A53AF598EDFB3EE0F906FD664CD70C8073F4E3B13B6C64DBB432C","27537","unchanged"
"stage_b3_extra_seeds\seed_371828\stage_b3_extra_seed371828_report.txt","code_and_results/stage_b3_extra_seeds\seed_371828\stage_b3_extra_seed371828_report.txt","B16D41BC27D69956A0B28ED161C0403B45BF0DCB6104871A248903944E178071","7959","unchanged"
"stage_b3_extra_seeds\seed_426404\stage_b3_extra_seed426404_raw_summary.csv","code_and_results/stage_b3_extra_seeds\seed_426404\stage_b3_extra_seed426404_raw_summary.csv","818B3D7F40E6EB958DE7F38C4EBDB34D161E3ED5333B14E0DFF1E82FD8D689A5","27530","unchanged"
"stage_b3_extra_seeds\seed_426404\stage_b3_extra_seed426404_report.txt","code_and_results/stage_b3_extra_seeds\seed_426404\stage_b3_extra_seed426404_report.txt","BD5D288448EA7DCCAD89E13FFD7DAF2FBBD6F69CFAF4D97819F0CC5F761BB824","7959","unchanged"
"stage_b3_extra_seeds\seed_482321\stage_b3_extra_seed482321_raw_summary.csv","code_and_results/stage_b3_extra_seeds\seed_482321\stage_b3_extra_seed482321_raw_summary.csv","CC596AE9AF24AB250D820CEC23AF491D2586D45433A1016562EC93BEC74F012C","27492","unchanged"
"stage_b3_extra_seeds\seed_482321\stage_b3_extra_seed482321_report.txt","code_and_results/stage_b3_extra_seeds\seed_482321\stage_b3_extra_seed482321_report.txt","35D3127C7FA2CCAFBF44716211BCBF77765143E6F914B17309F6BAFE3245B2C8","7959","unchanged"
"stage_b3_extra_seeds\seed_538907\stage_b3_extra_seed538907_raw_summary.csv","code_and_results/stage_b3_extra_seeds\seed_538907\stage_b3_extra_seed538907_raw_summary.csv","A4C12989AC6E93068B3FDBC1817A8DA6635E2E750CC9C9F8D45E9DF4AA44F462","27528","unchanged"
"stage_b3_extra_seeds\seed_538907\stage_b3_extra_seed538907_report.txt","code_and_results/stage_b3_extra_seeds\seed_538907\stage_b3_extra_seed538907_report.txt","16902CEB742A52F0724965CBD237C57BBDDC043AC234B8D5A11058649EBEB50C","7959","unchanged"
"stage_b3_extra_seeds\seed_591237\stage_b3_extra_seed591237_raw_summary.csv","code_and_results/stage_b3_extra_seeds\seed_591237\stage_b3_extra_seed591237_raw_summary.csv","B4836649806382869E8995FBBC5FCB861D56E13BED5212FC4BCFF596E6560CE5","27529","unchanged"
"stage_b3_extra_seeds\seed_591237\stage_b3_extra_seed591237_report.txt","code_and_results/stage_b3_extra_seeds\seed_591237\stage_b3_extra_seed591237_report.txt","A8A4493CCFA82A21DBA627C9DBEF0490B7ACA3AE147220C06B4A7C2CF658200B","7959","unchanged"
"stage_b3_extra_seeds\seed_647701\stage_b3_extra_seed647701_raw_summary.csv","code_and_results/stage_b3_extra_seeds\seed_647701\stage_b3_extra_seed647701_raw_summary.csv","91A7958D62A930FA24AF41194F85055BFD816184B1AB19A4B5DD956685BB1290","27458","unchanged"
"stage_b3_extra_seeds\seed_647701\stage_b3_extra_seed647701_report.txt","code_and_results/stage_b3_extra_seeds\seed_647701\stage_b3_extra_seed647701_report.txt","64DB8BDAFC3DD67317E90147D9D68C43EF9D054BF0A339B7E500E875AE2068F9","7959","unchanged"
"stage_b3_extra_seeds\seed_703909\stage_b3_extra_seed703909_raw_summary.csv","code_and_results/stage_b3_extra_seeds\seed_703909\stage_b3_extra_seed703909_raw_summary.csv","CFC852186AB6DBD87AAD830C76F9BFA2A6EA20F674A009C22E0DB84DFA598126","27532","unchanged"
"stage_b3_extra_seeds\seed_703909\stage_b3_extra_seed703909_report.txt","code_and_results/stage_b3_extra_seeds\seed_703909\stage_b3_extra_seed703909_report.txt","D597FADC5D0A9B9D23DBEF8E7576DEF45829597B61B3543D073DF544A19F9424","7959","unchanged"
"stage_b3_extra_seeds\seed_758243\stage_b3_extra_seed758243_raw_summary.csv","code_and_results/stage_b3_extra_seeds\seed_758243\stage_b3_extra_seed758243_raw_summary.csv","455C9AFD202406A3E5DFDA5C1E41D307312E869C267E28B5DC9E336935EA7B06","27487","unchanged"
"stage_b3_extra_seeds\seed_758243\stage_b3_extra_seed758243_report.txt","code_and_results/stage_b3_extra_seeds\seed_758243\stage_b3_extra_seed758243_report.txt","21E594CF14820157C12783343FAFF6EDAA21951B4C78938634EFCF55F5760640","7959","unchanged"
"stage_b3_extra_seeds\seed_812077\stage_b3_extra_seed812077_raw_summary.csv","code_and_results/stage_b3_extra_seeds\seed_812077\stage_b3_extra_seed812077_raw_summary.csv","3BFBCF89489848EB26A5698E080B1E912F5629B4C0257C85D5448F6EF77D2FB5","27511","unchanged"
"stage_b3_extra_seeds\seed_812077\stage_b3_extra_seed812077_report.txt","code_and_results/stage_b3_extra_seeds\seed_812077\stage_b3_extra_seed812077_report.txt","9F34F6A04850D07D22550F1E338A60DA449504A26C8AE58F7C87E2CDEBDCFDC6","7959","unchanged"
"combined_significance\combined_significance_report.txt","code_and_results/combined_significance\combined_significance_report.txt","9AEAB7F625CEA8956A6B8F9A85914BCA830AD4CB6847EF977A94A3AF3ED1D401","3169","unchanged"
"combined_significance\combined_stage_a_matched_comparison.csv","code_and_results/combined_significance\combined_stage_a_matched_comparison.csv","477C53880DAA4270767F6BC7E12509435F20126E24233C2EF5E54DC951510E10","277","unchanged"
"combined_significance\combined_stage_a_raw_summary.csv","code_and_results/combined_significance\combined_stage_a_raw_summary.csv","AD320D369C5EB318F9D6EF52083BF2A12BCD29C832EF2EA4BC73838132115E10","287344","unchanged"
"combined_significance\combined_stage_b3_matched_comparison.csv","code_and_results/combined_significance\combined_stage_b3_matched_comparison.csv","23775391C1B1BE059FEFC6B8450AF4667E75C193B363281DCA5D9CFD60639B41","421","unchanged"
"combined_significance\combined_stage_b3_raw_summary.csv","code_and_results/combined_significance\combined_stage_b3_raw_summary.csv","9C01E214A68A8FB4951BD1EC999E9056EF21C28DFF5733BDF8ACE11E89CC7C4A","453404","unchanged"
"scaffold_sensitivity_50_borrowers\scaffold_sensitivity_50b_raw_summary.csv","code_and_results/scaffold_sensitivity_50_borrowers\scaffold_sensitivity_50b_raw_summary.csv","E4B76AFC1FE71EBC04A0A03F546973915A499DF3ED031231E4DBA4D2230B33AE","221087","unchanged"
"scaffold_sensitivity_50_borrowers\scaffold_sensitivity_50b_report.txt","code_and_results/scaffold_sensitivity_50_borrowers\scaffold_sensitivity_50b_report.txt","55B6FA1739FF90911BF8973FEC83017E8E59622572DE1ADF32C7E8B9D2169F4A","3978","unchanged"
"scaffold_sensitivity_50_borrowers\scaffold_sensitivity_50b_results.xlsx","code_and_results/scaffold_sensitivity_50_borrowers\scaffold_sensitivity_50b_results.xlsx","0BF7DA08852C415CCE67DE8AB6C96F0BBE33B5B2004412CA4D1A1344AA2DBA8E","199548","unchanged"
"scaffold_sensitivity_50_borrowers\scaffold_sensitivity_50b_run_log.csv","code_and_results/scaffold_sensitivity_50_borrowers\scaffold_sensitivity_50b_run_log.csv","1365933FE8C78195724C03F5703AF7063C7B5E08D27CDDA2A277C659BF8015CC","8386","unchanged"
"noniid_sensitivity_50_borrowers\noniid_sensitivity_50b_raw_summary.csv","code_and_results/noniid_sensitivity_50_borrowers\noniid_sensitivity_50b_raw_summary.csv","A4394370130CDB87C5550C34B0F7DFCF478DB28D51836EE3E4C41C07A17FAA97","255341","unchanged"
"noniid_sensitivity_50_borrowers\noniid_sensitivity_50b_report.txt","code_and_results/noniid_sensitivity_50_borrowers\noniid_sensitivity_50b_report.txt","B128B900A62F1E053BCD1883180136288519AB53429FCF3C5A23BBF14724A832","3583","unchanged"
"noniid_sensitivity_50_borrowers\noniid_sensitivity_50b_results.xlsx","code_and_results/noniid_sensitivity_50_borrowers\noniid_sensitivity_50b_results.xlsx","2BE4E0FC1BD55935410E1A03F5383E186168B0C0519B6EF5DEF7540615125108","171598","unchanged"
"noniid_sensitivity_50_borrowers\noniid_sensitivity_50b_run_log.csv","code_and_results/noniid_sensitivity_50_borrowers\noniid_sensitivity_50b_run_log.csv","8EE4AC8F94E8019DA3E95C4DF40640E124159649F7FC3D08EEB7D45338A305F1","6265","unchanged"
"stage1_full_strategy_comparison\stage1_full_combined_raw_summary.csv","code_and_results/stage1_full_strategy_comparison\stage1_full_combined_raw_summary.csv","BBE04EAC653BFD9EEABE0E35BB8C9A4EE168313BA7EA388DBC8957871B16DDFD","201627","updated; prior copy preserved locally"
"stage1_full_strategy_comparison\stage1_full_report.txt","code_and_results/stage1_full_strategy_comparison\stage1_full_report.txt","718D898751DBF85FA84CBDAC2B3869231DF20D3A0D811A0A43F2791272F23BAD","1851","updated; prior copy preserved locally"
"stage1_full_strategy_comparison\seed_709098\fixed_10_no_screening_raw_summary.csv","code_and_results/stage1_full_strategy_comparison\seed_709098\fixed_10_no_screening_raw_summary.csv","3ED8E09BDF01C580A1B5B8DA0E6A6806FA2E5DC6E8411F63D90AE4434027B851","11556","updated; prior copy preserved locally"
"stage1_full_strategy_comparison\seed_709098\fixed_6_no_screening_raw_summary.csv","code_and_results/stage1_full_strategy_comparison\seed_709098\fixed_6_no_screening_raw_summary.csv","D96AFCB17C2071FB76A6063BAB5FF7A1AD01A3596454D81A9CF75DADBBAE89E8","11634","updated; prior copy preserved locally"
"stage1_full_strategy_comparison\seed_709098\fixed_8_no_screening_raw_summary.csv","code_and_results/stage1_full_strategy_comparison\seed_709098\fixed_8_no_screening_raw_summary.csv","E1D3E0EBADF57FAEB180E7274756463285C519DD3F0295E7BCD15152877CEA6E","11628","updated; prior copy preserved locally"
"stage1_full_strategy_comparison\seed_709098\rl_apr_fl_rl_screening_raw_summary.csv","code_and_results/stage1_full_strategy_comparison\seed_709098\rl_apr_fl_rl_screening_raw_summary.csv","D86625ECFE61232E263BAD8141EC2C0216E4B64D8C5BC8530D08B31B46B79FA0","11813","unchanged"
"stage1_full_strategy_comparison\seed_709098\rl_apr_isolated_screening_raw_summary.csv","code_and_results/stage1_full_strategy_comparison\seed_709098\rl_apr_isolated_screening_raw_summary.csv","1E838286158D41B23DE61D3E9F8CC7F3F6C9959858EEA6E71072E39D4F51B5C0","11787","unchanged"
"stage1_full_strategy_comparison\seed_709098\rl_apr_no_screening_raw_summary.csv","code_and_results/stage1_full_strategy_comparison\seed_709098\rl_apr_no_screening_raw_summary.csv","9BD4D2078DFA6B670E61069C5F66E52BEE4112A8CC4FE971823DCB822D3E8518","11228","unchanged"
"stage1_full_strategy_comparison\seed_436570\fixed_10_no_screening_raw_summary.csv","code_and_results/stage1_full_strategy_comparison\seed_436570\fixed_10_no_screening_raw_summary.csv","CA49D7809EB0C5404DF955826DD12F29B53A973D59C7DF565585779B0E1BA071","11556","updated; prior copy preserved locally"
"stage1_full_strategy_comparison\seed_436570\fixed_6_no_screening_raw_summary.csv","code_and_results/stage1_full_strategy_comparison\seed_436570\fixed_6_no_screening_raw_summary.csv","89D3E10BAF5F4705D1A7F18A1D8C76F703255A4B4938B656B0BC7F67CB0D4372","11637","updated; prior copy preserved locally"
"stage1_full_strategy_comparison\seed_436570\fixed_8_no_screening_raw_summary.csv","code_and_results/stage1_full_strategy_comparison\seed_436570\fixed_8_no_screening_raw_summary.csv","3B90968BFCB42AAFBA845A058BA3D12C9ED138AECB46B5D0A4F42BEAD2A4CD80","11575","updated; prior copy preserved locally"
"stage1_full_strategy_comparison\seed_436570\rl_apr_fl_rl_screening_raw_summary.csv","code_and_results/stage1_full_strategy_comparison\seed_436570\rl_apr_fl_rl_screening_raw_summary.csv","6A0FFE520AE57A7624B8190C1253C1855852204A949F3A37469B0891770413FD","11784","updated; prior copy preserved locally"
"stage1_full_strategy_comparison\seed_436570\rl_apr_isolated_screening_raw_summary.csv","code_and_results/stage1_full_strategy_comparison\seed_436570\rl_apr_isolated_screening_raw_summary.csv","7ADB2852DFF866929803C3DF059D8774D150B0CE2993BCD82CFB4F25FAC9CB3E","11780","updated; prior copy preserved locally"
"stage1_full_strategy_comparison\seed_436570\rl_apr_no_screening_raw_summary.csv","code_and_results/stage1_full_strategy_comparison\seed_436570\rl_apr_no_screening_raw_summary.csv","717A2A568C8E3C53BECF88A283129DF3BEB8C07F0CE34E946E579E25B1247104","11230","updated; prior copy preserved locally"
"stage1_full_strategy_comparison\seed_831197\fixed_10_no_screening_raw_summary.csv","code_and_results/stage1_full_strategy_comparison\seed_831197\fixed_10_no_screening_raw_summary.csv","3DE9B4C03BA24F2C1BCBD687861513A40D0C6373EADF6C292F1F66E2CEA53264","11568","updated; prior copy preserved locally"
"stage1_full_strategy_comparison\seed_831197\fixed_6_no_screening_raw_summary.csv","code_and_results/stage1_full_strategy_comparison\seed_831197\fixed_6_no_screening_raw_summary.csv","9246506DE7D8FEA35CB7736CE19CA0ED010BD241D4FEDBFDB70D34737C81C26A","11645","updated; prior copy preserved locally"
"stage1_full_strategy_comparison\seed_831197\fixed_8_no_screening_raw_summary.csv","code_and_results/stage1_full_strategy_comparison\seed_831197\fixed_8_no_screening_raw_summary.csv","98B2C424273C31A40A0F2F315F47CDA703C040A8E7FD0FD8FD415B3E9D560DE1","11636","updated; prior copy preserved locally"
"stage1_full_strategy_comparison\seed_831197\rl_apr_fl_rl_screening_raw_summary.csv","code_and_results/stage1_full_strategy_comparison\seed_831197\rl_apr_fl_rl_screening_raw_summary.csv","3AB03A172567C5CABFA9780ED5FF7B466A2B33B33F824627B8666C194A2235B1","11780","updated; prior copy preserved locally"
"stage1_full_strategy_comparison\seed_831197\rl_apr_isolated_screening_raw_summary.csv","code_and_results/stage1_full_strategy_comparison\seed_831197\rl_apr_isolated_screening_raw_summary.csv","EA313B9E000CA9FBCE6E79FCFE53A13FC14C1C27202D82AF45BD2802A638946D","11798","updated; prior copy preserved locally"
"stage1_full_strategy_comparison\seed_831197\rl_apr_no_screening_raw_summary.csv","code_and_results/stage1_full_strategy_comparison\seed_831197\rl_apr_no_screening_raw_summary.csv","E35B42E84ADCBF3C09470B048113B558E68392B925F891CA70CC6315CEE5FC24","11285","updated; prior copy preserved locally"
"fabric_integration\rl_financier_service.py","code_and_results/fabric_integration\rl_financier_service.py","B5933EF9ABA9BE9EB2EF5E00B41E185A5BF7C2B3A936616A5971A24B1FCCAD0C","22450","unchanged"
"stage_b2_visitweighted_comparison\stage_b2_raw_summary.csv","code_and_results/stage_b2_visitweighted_comparison\stage_b2_raw_summary.csv","32E8FD5E1F757F69C2E0D8DBF4617ED11ED18E1A2C00F1CE07758067F26BDE68","110938","unchanged"
"stage_b2_visitweighted_comparison\stage_b2_report.txt","code_and_results/stage_b2_visitweighted_comparison\stage_b2_report.txt","024C3B765A636E9C0BE9F0A94DDC12E18C99CCA78F35B7B8E183AC9C1740F908","10685","unchanged"
"stage_b2_visitweighted_comparison\stage_b2_results.xlsx","code_and_results/stage_b2_visitweighted_comparison\stage_b2_results.xlsx","81E584BE7914BF5826FEDA98E0E20FDDF005A29A29A9E39C1163047B76574241","94938","unchanged"
"convergence_analysis\convergence_raw_history.csv","code_and_results/convergence_analysis\convergence_raw_history.csv","EB330D4C2684EDCCFC4358232ABBE26E0165C7AB368FB72DD935E6B4E6B2A052","61956805","added"
"convergence_analysis\convergence_raw_loans.csv","code_and_results/convergence_analysis\convergence_raw_loans.csv","E5D674ADBF90594916869E31CCF9524404EBADE39F6E70B3CC8F49C3CDD5872B","17940626","added"
"hyperledger\caliper_300tps_summary.csv","code_and_results/hyperledger/caliper_300tps_summary.csv","39D9101F9BEA373A4FD9171BD77BE10F63AA1C27F88E9DEDD4002DE4F0C6C687","2225","unchanged"
"hyperledger\caliper_300tps_logs\aggregateglobalmodel-agro1008-finance-300-1786440375666.log","code_and_results/hyperledger/caliper_300tps_logs/aggregateglobalmodel-agro1008-finance-300-1786440375666.log","7B5C9FDDCB2A4CBB5645ECD4EAA128FD9407F5E6FC4F11EF2DFB6C2DC9165D3E","331910","unchanged"
"hyperledger\caliper_300tps_logs\closeauction-agro1008-supply-300-1786439896867.log","code_and_results/hyperledger/caliper_300tps_logs/closeauction-agro1008-supply-300-1786439896867.log","2B8D740BE1A4E43BC6FC92DFCC484CAD3C43198FF0CDEF91D6A18E7FFF5BF8B7","217671","unchanged"
"hyperledger\caliper_300tps_logs\createfinancerequest-agro1008-finance-300-1786440090137.log","code_and_results/hyperledger/caliper_300tps_logs/createfinancerequest-agro1008-finance-300-1786440090137.log","F5013693C326BEDA190B423FD7D3C816A07290FD1D934865F64315DA2CD6F6A0","95672","unchanged"
"hyperledger\caliper_300tps_logs\farmerreviewbid-agro1008-supply-300-1786439948453.log","code_and_results/hyperledger/caliper_300tps_logs/farmerreviewbid-agro1008-supply-300-1786439948453.log","817257379CDC8282B0B2EE62D931BE6E772AE07B76240E6BD4DC29E22FE11206","217868","unchanged"
"hyperledger\caliper_300tps_logs\getallfinancerequests-agro1008-finance-300-1786440283865.log","code_and_results/hyperledger/caliper_300tps_logs/getallfinancerequests-agro1008-finance-300-1786440283865.log","5D34A6F47794C895A01789D775578B447B0E9A7884294F85D7C4B3145B2E1955","94375","unchanged"
"hyperledger\caliper_300tps_logs\getglobalmodel-agro1008-finance-300-1786440422014.log","code_and_results/hyperledger/caliper_300tps_logs/getglobalmodel-agro1008-finance-300-1786440422014.log","B7E5E80E2556E7444B63B4E4B570F789AAF813D22F82DE633DF44FAD5DA4E644","94199","unchanged"
"hyperledger\caliper_300tps_logs\openauction-agro1008-supply-300-1786439795937.log","code_and_results/hyperledger/caliper_300tps_logs/openauction-agro1008-supply-300-1786439795937.log","14309D1738EC1B8532A5E9872EFC951F2A6C50D68E54AE34A47B555C2237B3A5","217878","unchanged"
"hyperledger\caliper_300tps_logs\pack-agro1008-supply-300-1786440182540.log","code_and_results/hyperledger/caliper_300tps_logs/pack-agro1008-supply-300-1786440182540.log","429957D6CA4A8E75C0B4CC37003DC81C111B247A7B54678E57163260AB9F9CBC","217566","unchanged"
"hyperledger\caliper_300tps_logs\placebidall-agro1008-supply-300-1786439846329.log","code_and_results/hyperledger/caliper_300tps_logs/placebidall-agro1008-supply-300-1786439846329.log","32473CDB15F931CDA6142B274BBA0C2EB0E6E09FE2375B6CE9F8063F5F6386D5","217569","unchanged"
"hyperledger\caliper_300tps_logs\purchase-agro1008-supply-300-1786440233307.log","code_and_results/hyperledger/caliper_300tps_logs/purchase-agro1008-supply-300-1786440233307.log","D3CE392E232D68D66F185B6CF3F72D645A8F5AEFAC2503F0623BFE90C1366A1C","217760","unchanged"
"hyperledger\caliper_300tps_logs\reviewfinancerequest-agro1008-finance-300-1786440136989.log","code_and_results/hyperledger/caliper_300tps_logs/reviewfinancerequest-agro1008-finance-300-1786440136989.log","FA60FACC2BA11BE8C717F4A2F0A3989A4F7E6AAB90C8F8A6CDD584FE585EF9C2","95557","unchanged"
"hyperledger\caliper_300tps_logs\setfinancepolicy-agro1008-finance-300-1786439999174.log","code_and_results/hyperledger/caliper_300tps_logs/setfinancepolicy-agro1008-finance-300-1786439999174.log","9D75EBFDF0145DB2E88BDBCCC4A2EF60448A3CC2949B65852418E6A080079217","981384","unchanged"
"hyperledger\caliper_300tps_logs\submitlocalmodel-agro1008-finance-300-1786440330303.log","code_and_results/hyperledger/caliper_300tps_logs/submitlocalmodel-agro1008-finance-300-1786440330303.log","1B2AA79F0C74DF19904BEBFDA20044534A4E2967D62853B5239BF31F38B072C0","94260","unchanged"
"hyperledger\caliper_300tps_logs\submitproduce-agro1008-supply-300-1786439694530.log","code_and_results/hyperledger/caliper_300tps_logs/submitproduce-agro1008-supply-300-1786439694530.log","6278B38FB4ADA6359F1A6DB60097401AA415ADB028AED84CED4E782B1987A7E4","217385","unchanged"
"hyperledger\caliper_300tps_logs\testcardamom-agro1008-supply-300-1786439745257.log","code_and_results/hyperledger/caliper_300tps_logs/testcardamom-agro1008-supply-300-1786439745257.log","35B2DF28764E8A92D6B23EBF8F2CE9F6FAD3EDA495D510D445A7198CF15BD626","217897","unchanged"
"hyperledger\caliper_300tps_logs\updatefinancierrloffer-agro1008-finance-300-1786440044648.log","code_and_results/hyperledger/caliper_300tps_logs/updatefinancierrloffer-agro1008-finance-300-1786440044648.log","2439136B642B25E75CF483D0C9CCC6B059B28E9D60F6DDB509EA05BB7641E65C","920076","unchanged"
"Simulation_Architecture.md","code_and_results/Simulation_Architecture.md","938CE7A3EF7EEB45F25D95F006326CE214EC7F1929C5AAB54FFC3186E9A30B3A","5091","unchanged"
"optimum_experiment_parameters.md","code_and_results/optimum_experiment_parameters.md","FFB46AAE6774888C29B177EBC35E5DBADC54DBA65B32A9AFE6C1FC73C171F9D6","2462","unchanged"
"model_development_flow.txt","code_and_results/model_development_flow.txt","A837BD0104EE4BFCF1F72F9FA91251B6025D82F8813C895165BC6897555A8240","4225","unchanged"
"significance_report.txt","code_and_results/significance_report.txt","3063BB5ACEC9111995B01F635C4420FB902D8BDBCA50E0236F4F558CC7DE0BDB","2321","updated; prior copy preserved locally"
